ligand,receptor,sender,receiver,score,lig_expr,rec_expr
Apoe,Trem2,VLMC,Microglia,17.529081344604492,6.060911178588867,2.892152786254883
Apoe,Trem2,Astrocyte,Microglia,15.29631519317627,5.288902759552002,2.892152786254883
Apoe,Trem2,Ependymal,Microglia,9.54012393951416,3.29862380027771,2.892152786254883
Apoe,Trem2,Astrocyte,VLMC,9.381364822387695,5.288902759552002,1.7737828493118286
Apoe,Trem2,OPC,Microglia,9.364381790161133,3.237858533859253,2.892152786254883
Apoe,Trem2,Oligodendrocyte,Microglia,9.23827838897705,3.194256544113159,2.892152786254883
Tyrobp,Trem2,VLMC,Microglia,9.025040626525879,3.1205270290374756,2.892152786254883
C1qa,Lrp1,Microglia,OPC,8.3826322555542,4.447237491607666,1.8849077224731445
C1qa,Lrp1,VLMC,OPC,8.098344802856445,4.296414375305176,1.8849077224731445
Apoe,Trem2,Ependymal,VLMC,5.8510422706604,3.29862380027771,1.7737828493118286
Apoe,Trem2,OPC,VLMC,5.743257999420166,3.237858533859253,1.7737828493118286
Apoe,Trem2,Oligodendrocyte,VLMC,5.66591739654541,3.194256544113159,1.7737828493118286
Apoe,Trem2,Endothelial,Microglia,5.656881332397461,1.9559413194656372,2.892152786254883
Tyrobp,Trem2,Microglia,VLMC,5.568373203277588,3.1392643451690674,1.7737828493118286
C1qa,Lrp1,VLMC,Microglia,3.508268356323242,4.296414375305176,0.8165572881698608
Apoe,Trem2,Endothelial,VLMC,3.4694151878356934,1.9559413194656372,1.7737828493118286
Apoe,Trem2,Neuron,Microglia,3.150502920150757,1.0893279314041138,2.892152786254883
C1qa,Lrp1,Microglia,Astrocyte,3.0193164348602295,4.447237491607666,0.6789195537567139
C1qa,Lrp1,VLMC,Astrocyte,2.916919708251953,4.296414375305176,0.6789195537567139
C1qa,Lrp1,Microglia,Neuron,2.684565782546997,4.447237491607666,0.6036479473114014
C1qa,Lrp1,VLMC,Neuron,2.5935218334198,4.296414375305176,0.6036479473114014
Apoe,Trem2,Microglia,VLMC,2.5058019161224365,1.412688136100769,1.7737828493118286
Tyrobp,Trem2,Ependymal,Microglia,2.2248644828796387,0.7692762613296509,2.892152786254883
C1qa,Lrp1,Microglia,VLMC,1.994804859161377,4.447237491607666,0.44854921102523804
C1qa,Lrp1,Microglia,Ependymal,1.9814918041229248,4.447237491607666,0.4455556571483612
Apoe,Trem2,Neuron,VLMC,1.9322311878204346,1.0893279314041138,1.7737828493118286
C1qa,Lrp1,VLMC,Ependymal,1.9142917394638062,4.296414375305176,0.4455556571483612
Gas6,Mertk,VLMC,Microglia,1.814699411392212,1.5997000932693481,1.1343997716903687
Apoe,Trem2,VLMC,Neuron,1.6643935441970825,6.060911178588867,0.27461111545562744
Apoe,Trem2,Pericyte,Microglia,1.5713592767715454,0.5433182120323181,2.892152786254883
Apoe,Trem2,VLMC,Endothelial,1.5273467302322388,6.060911178588867,0.25199952721595764
Apoe,Trem2,Astrocyte,Neuron,1.452391505241394,5.288902759552002,0.27461111545562744
Tyrobp,Trem2,Ependymal,VLMC,1.364529013633728,0.7692762613296509,1.7737828493118286
Apoe,Trem2,Astrocyte,Endothelial,1.3328009843826294,5.288902759552002,0.25199952721595764
Gas6,Mertk,Ependymal,Microglia,1.2982842922210693,1.144468069076538,1.1343997716903687
Gas6,Mertk,VLMC,Astrocyte,1.2231614589691162,1.5997000932693481,0.7646192312240601
Apoe,Trem2,VLMC,OPC,1.1488394737243652,6.060911178588867,0.18954896926879883
C1qa,Lrp1,Neuron,OPC,1.1193499565124512,0.5938486456871033,1.8849077224731445
Tyrobp,Trem2,Neuron,Microglia,1.0760999917984009,0.37207576632499695,2.892152786254883
C1qa,Lrp1,Endothelial,OPC,1.0537651777267456,0.5590539574623108,1.8849077224731445
Apoe,Trem2,VLMC,Pericyte,1.018216848373413,6.060911178588867,0.1679973304271698
Cx3cl1,Cx3cr1,OPC,Microglia,1.0102006196975708,0.34280654788017273,2.9468533992767334
Apoe,Trem2,Astrocyte,OPC,1.0025060176849365,5.288902759552002,0.18954896926879883
Apoe,Trem2,Pericyte,VLMC,0.9637285470962524,0.5433182120323181,1.7737828493118286
C1qa,Lrp1,Microglia,Endothelial,0.9370666146278381,4.447237491607666,0.21070757508277893
Apoe,Trem2,VLMC,Ependymal,0.9330440759658813,6.060911178588867,0.15394452214241028
Tyrobp,Trem2,Endothelial,Microglia,0.9063599109649658,0.31338590383529663,2.892152786254883
Apoe,Trem2,Ependymal,Neuron,0.9058387875556946,3.29862380027771,0.27461111545562744
C1qa,Lrp1,VLMC,Endothelial,0.9052870273590088,4.296414375305176,0.21070757508277893
Apoe,Trem2,OPC,Neuron,0.889151930809021,3.237858533859253,0.27461111545562744
Apoe,Trem2,Astrocyte,Pericyte,0.8885215520858765,5.288902759552002,0.1679973304271698
Apoe,Trem2,Oligodendrocyte,Neuron,0.8771783709526062,3.194256544113159,0.27461111545562744
Gas6,Mertk,Ependymal,Astrocyte,0.8750823140144348,1.144468069076538,0.7646192312240601
Tyrobp,Trem2,Microglia,Neuron,0.8620768785476685,3.1392643451690674,0.27461111545562744
Apoe,Trem2,VLMC,Oligodendrocyte,0.859133780002594,6.060911178588867,0.14174993336200714
Tyrobp,Trem2,VLMC,Neuron,0.8569313883781433,3.1205270290374756,0.27461111545562744
Apoe,Trem2,VLMC,Astrocyte,0.8546816110610962,6.060911178588867,0.14101536571979523
Apoe,Trem2,Ependymal,Endothelial,0.8312516212463379,3.29862380027771,0.25199952721595764
Apoe,Trem2,OPC,Endothelial,0.8159388303756714,3.237858533859253,0.25199952721595764
Apoe,Trem2,Astrocyte,Ependymal,0.8141975998878479,5.288902759552002,0.15394452214241028
Apoe,Trem2,Oligodendrocyte,Endothelial,0.8049511313438416,3.194256544113159,0.25199952721595764
Tyrobp,Trem2,Microglia,Endothelial,0.791093111038208,3.1392643451690674,0.25199952721595764
Tyrobp,Trem2,VLMC,Endothelial,0.7863713502883911,3.1205270290374756,0.25199952721595764
C1qa,Lrp1,Pericyte,OPC,0.7526637315750122,0.3993106484413147,1.8849077224731445
Apoe,Trem2,Astrocyte,Oligodendrocyte,0.7497016191482544,5.288902759552002,0.14174993336200714
Tyrobp,Trem2,Pericyte,Microglia,0.7256963849067688,0.2509191036224365,2.892152786254883
Cx3cl1,Cx3cr1,Neuron,Microglia,0.6776858568191528,0.229969322681427,2.9468533992767334
Tyrobp,Trem2,Neuron,VLMC,0.6599816083908081,0.37207576632499695,1.7737828493118286
C1qa,Lrp1,Ependymal,OPC,0.6571676135063171,0.3486470878124237,1.8849077224731445
Tyrobp,Trem2,OPC,Microglia,0.6506360173225403,0.22496598958969116,2.892152786254883
C1qa,Lrp1,Astrocyte,OPC,0.6490320563316345,0.34433093667030334,1.8849077224731445
Apoe,Trem2,Ependymal,OPC,0.6252507567405701,3.29862380027771,0.18954896926879883
C1qa,Lrp1,Oligodendrocyte,OPC,0.6201079487800598,0.3289858400821686,1.8849077224731445
Apoe,Trem2,Oligodendrocyte,OPC,0.6054680347442627,3.194256544113159,0.18954896926879883
Tyrobp,Trem2,Microglia,OPC,0.5950443148612976,3.1392643451690674,0.18954896926879883
Tyrobp,Trem2,VLMC,OPC,0.5914926528930664,3.1205270290374756,0.18954896926879883
Tyrobp,Trem2,Endothelial,VLMC,0.5558785200119019,0.31338590383529663,1.7737828493118286
Apoe,Trem2,Ependymal,Pericyte,0.5541599988937378,3.29862380027771,0.1679973304271698
Gas6,Mertk,Endothelial,Microglia,0.5532181262969971,0.4876747727394104,1.1343997716903687
Apoe,Trem2,OPC,Pericyte,0.5439515709877014,3.237858533859253,0.1679973304271698
Gas6,Mertk,Ependymal,VLMC,0.5422250628471375,1.144468069076538,0.4737791121006012
Apoe,Trem2,Endothelial,Neuron,0.5371232032775879,1.9559413194656372,0.27461111545562744
Apoe,Trem2,Oligodendrocyte,Pericyte,0.5366265773773193,3.194256544113159,0.1679973304271698
Tyrobp,Trem2,Microglia,Pericyte,0.5273880362510681,3.1392643451690674,0.1679973304271698
Tyrobp,Trem2,VLMC,Pericyte,0.5242401957511902,3.1205270290374756,0.1679973304271698
Apoe,Trem2,OPC,Ependymal,0.4984505772590637,3.237858533859253,0.15394452214241028
Apoe,Trem2,Oligodendrocyte,Ependymal,0.49173828959465027,3.194256544113159,0.15394452214241028
C1qa,Lrp1,Neuron,Microglia,0.4849114418029785,0.5938486456871033,0.8165572881698608
Tyrobp,Trem2,Microglia,Ependymal,0.4832725524902344,3.1392643451690674,0.15394452214241028
Tyrobp,Trem2,VLMC,Ependymal,0.4803880453109741,3.1205270290374756,0.15394452214241028
Tyrobp,Trem2,Astrocyte,Microglia,0.4752536416053772,0.16432522237300873,2.892152786254883
Apoe,Trem2,Ependymal,Oligodendrocyte,0.4675796926021576,3.29862380027771,0.14174993336200714
Tyrobp,Trem2,Oligodendrocyte,Microglia,0.46650251746177673,0.16129940748214722,2.892152786254883
Apoe,Trem2,Ependymal,Astrocyte,0.4651566445827484,3.29862380027771,0.14101536571979523
Apoe,Trem2,OPC,Oligodendrocyte,0.4589662253856659,3.237858533859253,0.14174993336200714
Apoe,Trem2,OPC,Astrocyte,0.4565877914428711,3.237858533859253,0.14101536571979523
C1qa,Lrp1,Endothelial,Microglia,0.4564995765686035,0.5590539574623108,0.8165572881698608
Apoe,Trem2,Oligodendrocyte,Astrocyte,0.4504392445087433,3.194256544113159,0.14101536571979523
Tyrobp,Trem2,Pericyte,VLMC,0.44507598876953125,0.2509191036224365,1.7737828493118286
Tyrobp,Trem2,Microglia,Oligodendrocyte,0.44499051570892334,3.1392643451690674,0.14174993336200714
Tyrobp,Trem2,Microglia,Astrocyte,0.44268450140953064,3.1392643451690674,0.14101536571979523
Tyrobp,Trem2,VLMC,Oligodendrocyte,0.44233450293540955,3.1205270290374756,0.14174993336200714
Tyrobp,Trem2,VLMC,Astrocyte,0.44004225730895996,3.1205270290374756,0.14101536571979523
Gas6,Mertk,Microglia,Astrocyte,0.4309816360473633,0.5636552572250366,0.7646192312240601
C1qa,Lrp1,Neuron,Astrocyte,0.4031754434108734,0.5938486456871033,0.6789195537567139
Gas6,Mertk,Astrocyte,Microglia,0.40311864018440247,0.3553585410118103,1.1343997716903687
Tyrobp,Trem2,OPC,VLMC,0.3990408182144165,0.22496598958969116,1.7737828493118286
Cx3cl1,Cx3cr1,Endothelial,Microglia,0.3970412313938141,0.13473396003246307,2.9468533992767334
Apoe,Trem2,Microglia,Neuron,0.3879398703575134,1.412688136100769,0.27461111545562744
C1qa,Lrp1,Endothelial,Astrocyte,0.3795526623725891,0.5590539574623108,0.6789195537567139
Gas6,Mertk,Endothelial,Astrocyte,0.37288549542427063,0.4876747727394104,0.7646192312240601
Apoe,Trem2,Endothelial,OPC,0.3707466721534729,1.9559413194656372,0.18954896926879883
Apoe,Trem2,Microglia,Endothelial,0.3559967279434204,1.412688136100769,0.25199952721595764
Gas6,Mertk,Neuron,Microglia,0.35554397106170654,0.3134203553199768,1.1343997716903687
Gas6,Mertk,VLMC,OPC,0.348283588886261,1.5997000932693481,0.21771804988384247
C1qa,Lrp1,Endothelial,Neuron,0.33747178316116333,0.5590539574623108,0.6036479473114014
C1qa,Lrp1,OPC,Microglia,0.3372817039489746,0.41305333375930786,0.8165572881698608
Apoe,Trem2,Endothelial,Pericyte,0.3285929262638092,1.9559413194656372,0.1679973304271698
C1qa,Lrp1,Pericyte,Microglia,0.326060026884079,0.3993106484413147,0.8165572881698608
Gas6,Mertk,OPC,Microglia,0.31247955560684204,0.27545806765556335,1.1343997716903687
Apoe,Trem2,Endothelial,Ependymal,0.30110645294189453,1.9559413194656372,0.15394452214241028
Cx3cl1,Cx3cr1,OPC,VLMC,0.30073627829551697,0.34280654788017273,0.8772769570350647
C3,C3ar1,Ependymal,VLMC,0.3007113039493561,0.2354215383529663,1.2773313522338867
Tyrobp,Trem2,Astrocyte,VLMC,0.2914772629737854,0.16432522237300873,1.7737828493118286
Tyrobp,Trem2,Oligodendrocyte,VLMC,0.28611013293266296,0.16129940748214722,1.7737828493118286
C1qa,Lrp1,Ependymal,Microglia,0.28469032049179077,0.3486470878124237,0.8165572881698608
C1qa,Lrp1,Astrocyte,Microglia,0.2811659276485443,0.34433093667030334,0.8165572881698608
C1qa,Lrp1,OPC,Astrocyte,0.28042998909950256,0.41305333375930786,0.6789195537567139
Apoe,Trem2,Endothelial,Oligodendrocyte,0.27725455164909363,1.9559413194656372,0.14174993336200714
Apoe,Trem2,Endothelial,Astrocyte,0.27581778168678284,1.9559413194656372,0.14101536571979523
Apoe,Trem2,Neuron,Endothelial,0.27451011538505554,1.0893279314041138,0.25199952721595764
C1qa,Lrp1,Pericyte,Astrocyte,0.2710998058319092,0.3993106484413147,0.6789195537567139
C1qa,Lrp1,Oligodendrocyte,Microglia,0.2686357796192169,0.3289858400821686,0.8165572881698608
Apoe,Trem2,Microglia,OPC,0.2677735686302185,1.412688136100769,0.18954896926879883
Gas6,Mertk,Microglia,VLMC,0.26704809069633484,0.5636552572250366,0.4737791121006012
C1qa,Lrp1,Neuron,VLMC,0.26637035608291626,0.5938486456871033,0.44854921102523804
C1qa,Lrp1,Neuron,Ependymal,0.26459261775016785,0.5938486456871033,0.4455556571483612
C1qa,Lrp1,Endothelial,VLMC,0.2507632076740265,0.5590539574623108,0.44854921102523804
C1qa,Lrp1,OPC,Neuron,0.2493387907743454,0.41305333375930786,0.6036479473114014
Gas6,Mertk,Ependymal,OPC,0.24917136132717133,1.144468069076538,0.21771804988384247
C1qa,Lrp1,Endothelial,Ependymal,0.24908965826034546,0.5590539574623108,0.4455556571483612
C3,C3ar1,Ependymal,Microglia,0.24708977341651917,0.2354215383529663,1.0495631694793701
C1qa,Lrp1,Pericyte,Neuron,0.24104304611682892,0.3993106484413147,0.6036479473114014
Gas6,Mertk,Neuron,Astrocyte,0.23964722454547882,0.3134203553199768,0.7646192312240601
Apoe,Trem2,Microglia,Pericyte,0.23732782900333405,1.412688136100769,0.1679973304271698
C1qa,Lrp1,Ependymal,Astrocyte,0.2367033213376999,0.3486470878124237,0.6789195537567139
Gas6,Mertk,VLMC,Endothelial,0.23558655381202698,1.5997000932693481,0.14726920425891876
Gas6,Mertk,Endothelial,VLMC,0.23105011880397797,0.4876747727394104,0.4737791121006012
C1qa,Lrp1,Oligodendrocyte,Astrocyte,0.22335492074489594,0.3289858400821686,0.6789195537567139
Apoe,Trem2,Microglia,Ependymal,0.21747559309005737,1.412688136100769,0.15394452214241028
Tyrobp,Trem2,Ependymal,Neuron,0.21125181019306183,0.7692762613296509,0.27461111545562744
Gas6,Mertk,OPC,Astrocyte,0.21062053740024567,0.27545806765556335,0.7646192312240601
C1qa,Lrp1,Ependymal,Neuron,0.2104600965976715,0.3486470878124237,0.6036479473114014
C1qa,Lrp1,Astrocyte,Neuron,0.20785465836524963,0.34433093667030334,0.6036479473114014
Apoe,Trem2,Neuron,OPC,0.2064809799194336,1.0893279314041138,0.18954896926879883
Cx3cl1,Cx3cr1,Neuron,VLMC,0.20174679160118103,0.229969322681427,0.8772769570350647
Apoe,Trem2,Microglia,Oligodendrocyte,0.20024845004081726,1.412688136100769,0.14174993336200714
Apoe,Trem2,Microglia,Astrocyte,0.1992107331752777,1.412688136100769,0.14101536571979523
C1qa,Lrp1,Oligodendrocyte,Neuron,0.19859161972999573,0.3289858400821686,0.6036479473114014
Tyrobp,Trem2,Ependymal,Endothelial,0.19385725259780884,0.7692762613296509,0.25199952721595764
C1qa,Lrp1,OPC,VLMC,0.18527474999427795,0.41305333375930786,0.44854921102523804
C1qa,Lrp1,OPC,Ependymal,0.18403825163841248,0.41305333375930786,0.4455556571483612
Apoe,Trem2,Neuron,Pericyte,0.18300418555736542,1.0893279314041138,0.1679973304271698
C1qa,Lrp1,Pericyte,VLMC,0.17911048233509064,0.3993106484413147,0.44854921102523804
C1qa,Lrp1,Pericyte,Ependymal,0.17791511118412018,0.3993106484413147,0.4455556571483612
C1qa,Lrp1,Microglia,Oligodendrocyte,0.17766204476356506,4.447237491607666,0.039948854595422745
Cx3cl1,Cx3cr1,Ependymal,Microglia,0.17566975951194763,0.05961265414953232,2.9468533992767334
C1qa,Lrp1,VLMC,Oligodendrocyte,0.17163683474063873,4.296414375305176,0.039948854595422745
Gas6,Mertk,Ependymal,Endothelial,0.16854490339756012,1.144468069076538,0.14726920425891876
Gas6,Mertk,Astrocyte,VLMC,0.16836145520210266,0.3553585410118103,0.4737791121006012
Apoe,Trem2,Neuron,Ependymal,0.16769607365131378,1.0893279314041138,0.15394452214241028
C1qa,Lrp1,Ependymal,VLMC,0.1563853770494461,0.3486470878124237,0.44854921102523804
C1qa,Lrp1,Astrocyte,VLMC,0.15444937348365784,0.34433093667030334,0.44854921102523804
Apoe,Trem2,Neuron,Oligodendrocyte,0.1544121652841568,1.0893279314041138,0.14174993336200714
Apoe,Trem2,Neuron,Astrocyte,0.15361197292804718,1.0893279314041138,0.14101536571979523
C1qa,Lrp1,Astrocyte,Ependymal,0.15341860055923462,0.34433093667030334,0.4455556571483612
Apoe,Trem2,Pericyte,Neuron,0.14920121431350708,0.5433182120323181,0.27461111545562744
Gas6,Mertk,Neuron,VLMC,0.1484920233488083,0.3134203553199768,0.4737791121006012
C1qa,Lrp1,Oligodendrocyte,VLMC,0.14756633341312408,0.3289858400821686,0.44854921102523804
C1qa,Lrp1,Oligodendrocyte,Ependymal,0.1465815007686615,0.3289858400821686,0.4455556571483612
Tyrobp,Trem2,Ependymal,OPC,0.14581552147865295,0.7692762613296509,0.18954896926879883
C1qa,Lrp1,Microglia,Pericyte,0.14136849343776703,4.447237491607666,0.0317879356443882
Apoe,Trem2,Pericyte,Endothelial,0.13691593706607819,0.5433182120323181,0.25199952721595764
C1qa,Lrp1,VLMC,Pericyte,0.1365741491317749,4.296414375305176,0.0317879356443882
Gas6,Mertk,OPC,VLMC,0.13050627708435059,0.27545806765556335,0.4737791121006012
Tyrobp,Trem2,Ependymal,Pericyte,0.1292363554239273,0.7692762613296509,0.1679973304271698
C1qa,Lrp1,Neuron,Endothelial,0.12512840330600739,0.5938486456871033,0.21070757508277893
Gas6,Mertk,Microglia,OPC,0.12271792441606522,0.5636552572250366,0.21771804988384247
Cx3cl1,Cx3cr1,Endothelial,VLMC,0.11819899827241898,0.13473396003246307,0.8772769570350647
Tyrobp,Trem2,Ependymal,Oligodendrocyte,0.10904485732316971,0.7692762613296509,0.14174993336200714
Tyrobp,Trem2,Ependymal,Astrocyte,0.10847977548837662,0.7692762613296509,0.14101536571979523
Gas6,Mertk,VLMC,Neuron,0.10841788351535797,1.5997000932693481,0.06777387857437134
Gas6,Mertk,Endothelial,OPC,0.10617560148239136,0.4876747727394104,0.21771804988384247
Apoe,Trem2,Pericyte,OPC,0.10298540443181992,0.5433182120323181,0.18954896926879883
Gas6,Mertk,VLMC,Pericyte,0.1018277034163475,1.5997000932693481,0.06365424394607544
Gas6,Mertk,Oligodendrocyte,Microglia,0.10093305259943008,0.08897485584020615,1.1343997716903687
Cx3cl1,Cx3cr1,OPC,Endothelial,0.09761784970760345,0.34280654788017273,0.2847607433795929
Tyrobp,Trem2,Neuron,Endothelial,0.09376291930675507,0.37207576632499695,0.25199952721595764
Cx3cl1,Cx3cr1,OPC,Neuron,0.09092815965414047,0.34280654788017273,0.26524627208709717
C1qa,Lrp1,OPC,Endothelial,0.0870334655046463,0.41305333375930786,0.21070757508277893
Tyrobp,Trem2,Endothelial,Neuron,0.08605924993753433,0.31338590383529663,0.27461111545562744
C1qa,Lrp1,Pericyte,Endothelial,0.08413777500391006,0.3993106484413147,0.21070757508277893
Apoe,Trem2,Pericyte,Ependymal,0.08364086598157883,0.5433182120323181,0.15394452214241028
Gas6,Mertk,Microglia,Endothelial,0.08300906419754028,0.5636552572250366,0.14726920425891876
Gas6,Mertk,Ependymal,Neuron,0.077565036714077,1.144468069076538,0.06777387857437134
Gas6,Mertk,Astrocyte,OPC,0.07736796885728836,0.3553585410118103,0.21771804988384247
Apoe,Trem2,Pericyte,Oligodendrocyte,0.07701531797647476,0.5433182120323181,0.14174993336200714
Apoe,Trem2,Pericyte,Astrocyte,0.07661621272563934,0.5433182120323181,0.14101536571979523
C1qa,Lrp1,Ependymal,Endothelial,0.0734625831246376,0.3486470878124237,0.21070757508277893
Gas6,Mertk,Ependymal,Pericyte,0.07285024970769882,1.144468069076538,0.06365424394607544
C1qa,Lrp1,Astrocyte,Endothelial,0.0725531354546547,0.34433093667030334,0.21070757508277893
Tyrobp,Trem2,Neuron,OPC,0.07052657753229141,0.37207576632499695,0.18954896926879883
C1qa,Lrp1,Oligodendrocyte,Endothelial,0.06931980699300766,0.3289858400821686,0.21070757508277893
Tyrobp,Trem2,Pericyte,Neuron,0.06890517473220825,0.2509191036224365,0.27461111545562744
Gas6,Mertk,Neuron,OPC,0.06823726743459702,0.3134203553199768,0.21771804988384247
Gas6,Mertk,Oligodendrocyte,Astrocyte,0.06803188472986221,0.08897485584020615,0.7646192312240601
Cx3cl1,Cx3cr1,Neuron,Endothelial,0.06548623740673065,0.229969322681427,0.2847607433795929
Gas6,Mertk,VLMC,Ependymal,0.06420008838176727,1.5997000932693481,0.04013257846236229
Tyrobp,Trem2,Pericyte,Endothelial,0.06323149800300598,0.2509191036224365,0.25199952721595764
Tyrobp,Trem2,Neuron,Pericyte,0.0625077337026596,0.37207576632499695,0.1679973304271698
Cx3cl1,Cx3cr1,OPC,Pericyte,0.06243496760725975,0.34280654788017273,0.18212886154651642
Tyrobp,Trem2,OPC,Neuron,0.06177816167473793,0.22496598958969116,0.27461111545562744
Spp1,Cd44,Endothelial,Pericyte,0.06034919247031212,0.15295416116714478,0.394557386636734
Tyrobp,Trem2,Endothelial,OPC,0.0594019740819931,0.31338590383529663,0.18954896926879883
Cx3cl1,Cx3cr1,OPC,Ependymal,0.05912482365965843,0.34280654788017273,0.17247284948825836
Tyrobp,Trem2,Neuron,Ependymal,0.05727902427315712,0.37207576632499695,0.15394452214241028
Tyrobp,Trem2,OPC,Endothelial,0.05669132247567177,0.22496598958969116,0.25199952721595764
Tyrobp,Trem2,Neuron,Oligodendrocyte,0.05274171382188797,0.37207576632499695,0.14174993336200714
Tyrobp,Trem2,Endothelial,Pericyte,0.052647996693849564,0.31338590383529663,0.1679973304271698
Tyrobp,Trem2,Neuron,Astrocyte,0.052468400448560715,0.37207576632499695,0.14101536571979523
Gas6,Mertk,Astrocyte,Endothelial,0.052333369851112366,0.3553585410118103,0.14726920425891876
Cx3cl1,Cx3cr1,Astrocyte,Microglia,0.05231614038348198,0.017753221094608307,2.9468533992767334
Cx3cl1,Cx3cr1,Ependymal,VLMC,0.05229680612683296,0.05961265414953232,0.8772769570350647
Spp1,Cd44,Endothelial,Ependymal,0.05193697288632393,0.15295416116714478,0.33955907821655273
Tyrobp,Trem2,Endothelial,Ependymal,0.04824404418468475,0.31338590383529663,0.15394452214241028
Tyrobp,Trem2,Pericyte,OPC,0.04756145924329758,0.2509191036224365,0.18954896926879883
Cx3cl1,Cx3cr1,OPC,Oligodendrocyte,0.04738455265760422,0.34280654788017273,0.13822534680366516
Gas6,Mertk,Neuron,Endothelial,0.04615716636180878,0.3134203553199768,0.14726920425891876
Gas6,Mertk,VLMC,Oligodendrocyte,0.0455034077167511,1.5997000932693481,0.028444962576031685
Tyrobp,Trem2,Astrocyte,Neuron,0.045125532895326614,0.16432522237300873,0.27461111545562744
Tyrobp,Trem2,Endothelial,Oligodendrocyte,0.04442243278026581,0.31338590383529663,0.14174993336200714
Tyrobp,Trem2,Oligodendrocyte,Neuron,0.04429461061954498,0.16129940748214722,0.27461111545562744
Tyrobp,Trem2,Endothelial,Astrocyte,0.044192228466272354,0.31338590383529663,0.14101536571979523
Cx3cl1,Cx3cr1,OPC,Astrocyte,0.0439285971224308,0.34280654788017273,0.12814398109912872
Gas6,Mertk,Oligodendrocyte,VLMC,0.042154427617788315,0.08897485584020615,0.4737791121006012
Cx3cl1,Cx3cr1,Neuron,Pericyte,0.04188404977321625,0.229969322681427,0.18212886154651642
Tyrobp,Trem2,Astrocyte,Endothelial,0.04140987992286682,0.16432522237300873,0.25199952721595764
Spp1,Cd44,VLMC,Pericyte,0.04132010415196419,0.10472520440816879,0.394557386636734
Tyrobp,Trem2,Oligodendrocyte,Endothelial,0.04064737260341644,0.16129940748214722,0.25199952721595764
Gas6,Mertk,OPC,Endothelial,0.04056648910045624,0.27545806765556335,0.14726920425891876
Cx3cl1,Cx3cr1,Neuron,Ependymal,0.039663463830947876,0.229969322681427,0.17247284948825836
Tyrobp,Trem2,Pericyte,Ependymal,0.03862762078642845,0.2509191036224365,0.15394452214241028
Gas6,Mertk,Microglia,Neuron,0.03820110112428665,0.5636552572250366,0.06777387857437134
Tyrobp,Trem2,OPC,Pericyte,0.037793684750795364,0.22496598958969116,0.1679973304271698
Cx3cl1,Cx3cr1,Neuron,OPC,0.03697199746966362,0.229969322681427,0.1607692539691925
C3,C3ar1,VLMC,Microglia,0.036346618086099625,0.03463023528456688,1.0495631694793701
Gas6,Mertk,Microglia,Pericyte,0.03587904945015907,0.5636552572250366,0.06365424394607544
Cx3cl1,Cx3cr1,Endothelial,Neuron,0.03573768213391304,0.13473396003246307,0.26524627208709717
Tyrobp,Trem2,Pericyte,Oligodendrocyte,0.035567767918109894,0.2509191036224365,0.14174993336200714
Spp1,Cd44,VLMC,Ependymal,0.03556039556860924,0.10472520440816879,0.33955907821655273
Tyrobp,Trem2,Pericyte,Astrocyte,0.035383448004722595,0.2509191036224365,0.14101536571979523
Tyrobp,Trem2,OPC,Ependymal,0.034632280468940735,0.22496598958969116,0.15394452214241028
Gas6,Mertk,Endothelial,Neuron,0.03305160999298096,0.4876747727394104,0.06777387857437134
Gas6,Mertk,Ependymal,Oligodendrocyte,0.032554350793361664,1.144468069076538,0.028444962576031685
Tyrobp,Trem2,OPC,Oligodendrocyte,0.03188891336321831,0.22496598958969116,0.14174993336200714
Cx3cl1,Cx3cr1,Neuron,Oligodendrocyte,0.03178758919239044,0.229969322681427,0.13822534680366516
Tyrobp,Trem2,OPC,Astrocyte,0.03172365948557854,0.22496598958969116,0.14101536571979523
Tyrobp,Trem2,Astrocyte,OPC,0.031147677451372147,0.16432522237300873,0.18954896926879883
Gas6,Mertk,Endothelial,Pericyte,0.031042568385601044,0.4876747727394104,0.06365424394607544
Tyrobp,Trem2,Oligodendrocyte,OPC,0.030574137344956398,0.16129940748214722,0.18954896926879883
Cx3cl1,Cx3cr1,Neuron,Astrocyte,0.029469184577465057,0.229969322681427,0.12814398109912872
Tyrobp,Trem2,Astrocyte,Pericyte,0.02760619856417179,0.16432522237300873,0.1679973304271698
Tyrobp,Trem2,Oligodendrocyte,Pericyte,0.02709786966443062,0.16129940748214722,0.1679973304271698
Tyrobp,Trem2,Astrocyte,Ependymal,0.02529696747660637,0.16432522237300873,0.15394452214241028
Tyrobp,Trem2,Oligodendrocyte,Ependymal,0.02483116090297699,0.16129940748214722,0.15394452214241028
Cx3cl1,Cx3cr1,Endothelial,Pericyte,0.02453894354403019,0.13473396003246307,0.18212886154651642
Gas6,Mertk,Astrocyte,Neuron,0.024084025993943214,0.3553585410118103,0.06777387857437134
C1qa,Lrp1,Neuron,Oligodendrocyte,0.023723572492599487,0.5938486456871033,0.039948854595422745
Tyrobp,Trem2,Astrocyte,Oligodendrocyte,0.023293089121580124,0.16432522237300873,0.14174993336200714
Cx3cl1,Cx3cr1,Endothelial,Ependymal,0.02323794923722744,0.13473396003246307,0.17247284948825836
Tyrobp,Trem2,Oligodendrocyte,Astrocyte,0.02274569496512413,0.16129940748214722,0.14101536571979523
Gas6,Mertk,Microglia,Ependymal,0.02262093871831894,0.5636552572250366,0.04013257846236229
Gas6,Mertk,Astrocyte,Pericyte,0.022620080038905144,0.3553585410118103,0.06365424394607544
C1qa,Lrp1,Endothelial,Oligodendrocyte,0.02233356609940529,0.5590539574623108,0.039948854595422745
Cx3cl1,Cx3cr1,VLMC,Microglia,0.021729037165641785,0.007373640313744545,2.9468533992767334
Cx3cl1,Cx3cr1,Endothelial,OPC,0.021661078557372093,0.13473396003246307,0.1607692539691925
Gas6,Mertk,Neuron,Pericyte,0.019950535148382187,0.3134203553199768,0.06365424394607544
Gas6,Mertk,Endothelial,Ependymal,0.019571645185351372,0.4876747727394104,0.04013257846236229
Gas6,Mertk,Oligodendrocyte,OPC,0.019371431320905685,0.08897485584020615,0.21771804988384247
C3,C3ar1,Ependymal,Neuron,0.01889266073703766,0.2354215383529663,0.08025035262107849
C1qa,Lrp1,Neuron,Pericyte,0.018877223134040833,0.5938486456871033,0.0317879356443882
Gas6,Mertk,OPC,Neuron,0.01866886205971241,0.27545806765556335,0.06777387857437134
Cx3cl1,Cx3cr1,Endothelial,Oligodendrocyte,0.018623648211359978,0.13473396003246307,0.13822534680366516
C1qa,Lrp1,Endothelial,Pericyte,0.017771171405911446,0.5590539574623108,0.0317879356443882
Spp1,Cd44,Ependymal,Pericyte,0.017755120992660522,0.0450000986456871,0.394557386636734
Gas6,Mertk,OPC,Pericyte,0.017534075304865837,0.27545806765556335,0.06365424394607544
Cx3cl1,Cx3cr1,Endothelial,Astrocyte,0.01726534590125084,0.13473396003246307,0.12814398109912872
Cx3cl1,Cx3cr1,Ependymal,Endothelial,0.016975343227386475,0.05961265414953232,0.2847607433795929
C1qa,Lrp1,OPC,Oligodendrocyte,0.016501007601618767,0.41305333375930786,0.039948854595422745
Gas6,Mertk,Microglia,Oligodendrocyte,0.016033152118325233,0.5636552572250366,0.028444962576031685
C1qa,Lrp1,Pericyte,Oligodendrocyte,0.01595200225710869,0.3993106484413147,0.039948854595422745
Cx3cl1,Cx3cr1,Ependymal,Neuron,0.015812033787369728,0.05961265414953232,0.26524627208709717
Cx3cl1,Cx3cr1,Astrocyte,VLMC,0.015574491582810879,0.017753221094608307,0.8772769570350647
C3,C3ar1,Ependymal,Endothelial,0.01552351750433445,0.2354215383529663,0.06593924015760422
Gas6,Mertk,Astrocyte,Ependymal,0.014261454343795776,0.3553585410118103,0.04013257846236229
C1qa,Lrp1,Ependymal,Oligodendrocyte,0.01392805203795433,0.3486470878124237,0.039948854595422745
Gas6,Mertk,Endothelial,Oligodendrocyte,0.013871890492737293,0.4876747727394104,0.028444962576031685
C1qa,Lrp1,Astrocyte,Oligodendrocyte,0.01375562697649002,0.34433093667030334,0.039948854595422745
C1qa,Lrp1,OPC,Pericyte,0.013130112551152706,0.41305333375930786,0.0317879356443882
Gas6,Mertk,Oligodendrocyte,Endothelial,0.01310325600206852,0.08897485584020615,0.14726920425891876
Gas6,Mertk,Pericyte,Microglia,0.012675759382545948,0.011173979379236698,1.1343997716903687
Gas6,Mertk,Neuron,Ependymal,0.012578367255628109,0.3134203553199768,0.04013257846236229
C1qa,Lrp1,Ependymal,Pericyte,0.011082771234214306,0.3486470878124237,0.0317879356443882
Gas6,Mertk,OPC,Ependymal,0.011054842732846737,0.27545806765556335,0.04013257846236229
C1qa,Lrp1,Astrocyte,Pericyte,0.010945569723844528,0.34433093667030334,0.0317879356443882
Cx3cl1,Cx3cr1,Ependymal,Pericyte,0.010857184417545795,0.05961265414953232,0.18212886154651642
C1qa,Lrp1,Oligodendrocyte,Pericyte,0.0104577811434865,0.3289858400821686,0.0317879356443882
Gas6,Mertk,Astrocyte,Oligodendrocyte,0.0101081607863307,0.3553585410118103,0.028444962576031685
Cx3cl1,Cx3cr1,Ependymal,OPC,0.009583882056176662,0.05961265414953232,0.1607692539691925
Gas6,Mertk,Neuron,Oligodendrocyte,0.008915230631828308,0.3134203553199768,0.028444962576031685
C3,C3ar1,Ependymal,OPC,0.008687513880431652,0.2354215383529663,0.03690195083618164
Gas6,Mertk,Pericyte,Astrocyte,0.008543839678168297,0.011173979379236698,0.7646192312240601
Cx3cl1,Cx3cr1,Ependymal,Oligodendrocyte,0.008239979855716228,0.05961265414953232,0.13822534680366516
Gas6,Mertk,OPC,Oligodendrocyte,0.007835394702851772,0.27545806765556335,0.028444962576031685
C3,C3ar1,Ependymal,Oligodendrocyte,0.007808571681380272,0.2354215383529663,0.03316846862435341
Cx3cl1,Cx3cr1,Ependymal,Astrocyte,0.007639002986252308,0.05961265414953232,0.12814398109912872
C3,C3ar1,Ependymal,Astrocyte,0.007614991161972284,0.2354215383529663,0.032346196472644806
C3,C3ar1,Ependymal,Pericyte,0.006747688166797161,0.2354215383529663,0.028662152588367462
Gas6,Mertk,Oligodendrocyte,Neuron,0.006030171178281307,0.08897485584020615,0.06777387857437134
Gas6,Mertk,Oligodendrocyte,Pericyte,0.005663627292960882,0.08897485584020615,0.06365424394607544
Gas6,Mertk,Pericyte,VLMC,0.005293997935950756,0.011173979379236698,0.4737791121006012
Cx3cl1,Cx3cr1,Astrocyte,Endothelial,0.005055420566350222,0.017753221094608307,0.2847607433795929
Cx3cl1,Cx3cr1,Oligodendrocyte,Microglia,0.00490189902484417,0.0016634350176900625,2.9468533992767334
Cx3cl1,Cx3cr1,Astrocyte,Neuron,0.004708975553512573,0.017753221094608307,0.26524627208709717
C3,C3ar1,OPC,VLMC,0.004673867020756006,0.0036590872332453728,1.2773313522338867
C3,C3ar1,Microglia,VLMC,0.004649787209928036,0.0036402358673512936,1.2773313522338867
Spp1,Cd44,Endothelial,VLMC,0.004371588584035635,0.15295416116714478,0.028581038117408752
Spp1,Cd44,Microglia,Pericyte,0.004307122435420752,0.010916339233517647,0.394557386636734
Spp1,Cd44,VLMC,Endothelial,0.0039581116288900375,0.10472520440816879,0.03779521584510803
C3,C3ar1,OPC,Microglia,0.0038404432125389576,0.0036590872332453728,1.0495631694793701
Spp1,Cd44,Microglia,Ependymal,0.003706742078065872,0.010916339233517647,0.33955907821655273
Gas6,Mertk,Oligodendrocyte,Ependymal,0.0035707904025912285,0.08897485584020615,0.04013257846236229
Cx3cl1,Cx3cr1,Astrocyte,Pericyte,0.003233373863622546,0.017753221094608307,0.18212886154651642
Cx3cl1,Cx3cr1,Astrocyte,Ependymal,0.0030619485769420862,0.017753221094608307,0.17247284948825836
Spp1,Cd44,Neuron,Pericyte,0.0030413244385272264,0.007708192802965641,0.394557386636734
Cx3cl1,Cx3cr1,Astrocyte,OPC,0.0028541721403598785,0.017753221094608307,0.1607692539691925
C3,C3ar1,VLMC,Neuron,0.002779088681563735,0.03463023528456688,0.08025035262107849
Spp1,Cd44,Neuron,Ependymal,0.002617386868223548,0.007708192802965641,0.33955907821655273
Cx3cl1,Cx3cr1,Astrocyte,Oligodendrocyte,0.0024539451114833355,0.017753221094608307,0.13822534680366516
Gas6,Mertk,Pericyte,OPC,0.0024327770806849003,0.011173979379236698,0.21771804988384247
C3,C3ar1,VLMC,Endothelial,0.002283491427078843,0.03463023528456688,0.06593924015760422
Spp1,Cd44,Astrocyte,Pericyte,0.002113589085638523,0.005356861278414726,0.394557386636734
Cx3cl1,Cx3cr1,VLMC,Endothelial,0.002099723322317004,0.007373640313744545,0.2847607433795929
Cx3cl1,Cx3cr1,VLMC,Neuron,0.001955830492079258,0.007373640313744545,0.26524627208709717
C3,C3ar1,Neuron,VLMC,0.0018333721673116088,0.0014353144215419888,1.2773313522338867
Spp1,Cd44,Astrocyte,Ependymal,0.001818970893509686,0.005356861278414726,0.33955907821655273
Cx3cl1,Cx3cr1,Microglia,VLMC,0.0017602889565750957,0.0020065372809767723,0.8772769570350647
Spp1,Cd44,Pericyte,Ependymal,0.0017337185563519597,0.005105793476104736,0.33955907821655273
Spp1,Cd44,Ependymal,Endothelial,0.0017007883870974183,0.0450000986456871,0.03779521584510803
Spp1,Cd44,Endothelial,Microglia,0.0016665593720972538,0.15295416116714478,0.010895809158682823
Gas6,Mertk,Pericyte,Endothelial,0.0016455830773338675,0.011173979379236698,0.14726920425891876
C3,C3ar1,VLMC,Ependymal,0.0015240665525197983,0.03463023528456688,0.04400970786809921
C3,C3ar1,Neuron,Microglia,0.0015064531471580267,0.0014353144215419888,1.0495631694793701
Cx3cl1,Cx3cr1,Oligodendrocyte,VLMC,0.0014592931838706136,0.0016634350176900625,0.8772769570350647
Cx3cl1,Cx3cr1,VLMC,Pericyte,0.0013429527170956135,0.007373640313744545,0.18212886154651642
Spp1,Cd44,Ependymal,VLMC,0.0012861494906246662,0.0450000986456871,0.028581038117408752
C3,C3ar1,VLMC,OPC,0.0012779232347384095,0.03463023528456688,0.03690195083618164
Cx3cl1,Cx3cr1,VLMC,Ependymal,0.0012717527570202947,0.007373640313744545,0.17247284948825836
Spp1,Cd44,Endothelial,Astrocyte,0.00124256475828588,0.15295416116714478,0.008123772218823433
C3,C3ar1,Oligodendrocyte,VLMC,0.0012066307244822383,0.0009446497424505651,1.2773313522338867
Cx3cl1,Cx3cr1,VLMC,OPC,0.001185454661026597,0.007373640313744545,0.1607692539691925
C3,C3ar1,VLMC,Oligodendrocyte,0.0011486319126561284,0.03463023528456688,0.03316846862435341
Spp1,Cd44,VLMC,Microglia,0.0011410658480599523,0.10472520440816879,0.010895809158682823
C3,C3ar1,VLMC,Astrocyte,0.0011201563756912947,0.03463023528456688,0.032346196472644806
Cx3cl1,Cx3cr1,VLMC,Oligodendrocyte,0.0010192239424213767,0.007373640313744545,0.13822534680366516
C3,C3ar1,VLMC,Pericyte,0.0009925770573318005,0.03463023528456688,0.028662152588367462
C3,C3ar1,Oligodendrocyte,Microglia,0.0009914695983752608,0.0009446497424505651,1.0495631694793701
Cx3cl1,Cx3cr1,VLMC,Astrocyte,0.0009448876371607184,0.007373640313744545,0.12814398109912872
Spp1,Cd44,Endothelial,Oligodendrocyte,0.000885802146513015,0.15295416116714478,0.00579129159450531
Spp1,Cd44,VLMC,Astrocyte,0.0008507636957801878,0.10472520440816879,0.008123772218823433
C3,C3ar1,Endothelial,VLMC,0.0007707332842983305,0.0006033933605067432,1.2773313522338867
Gas6,Mertk,Pericyte,Neuron,0.0007573039038106799,0.011173979379236698,0.06777387857437134
C3,C3ar1,Endothelial,Microglia,0.0006332994671538472,0.0006033933605067432,1.0495631694793701
Spp1,Cd44,Oligodendrocyte,Pericyte,0.0006311913020908833,0.001599745242856443,0.394557386636734
Spp1,Cd44,Endothelial,Neuron,0.0006068599177524447,0.15295416116714478,0.003967593424022198
Spp1,Cd44,VLMC,Oligodendrocyte,0.0006064941990189254,0.10472520440816879,0.00579129159450531
Cx3cl1,Cx3cr1,Microglia,Endothelial,0.0005713830469176173,0.0020065372809767723,0.2847607433795929
Spp1,Cd44,Oligodendrocyte,Ependymal,0.0005432080361060798,0.001599745242856443,0.33955907821655273
Cx3cl1,Cx3cr1,Microglia,Neuron,0.0005322265205904841,0.0020065372809767723,0.26524627208709717
Spp1,Cd44,Ependymal,Microglia,0.0004903124645352364,0.0450000986456871,0.010895809158682823
Cx3cl1,Cx3cr1,Oligodendrocyte,Endothelial,0.0004736809933092445,0.0016634350176900625,0.2847607433795929
Gas6,Mertk,Pericyte,Ependymal,0.00044844060903415084,0.011173979379236698,0.04013257846236229
Cx3cl1,Cx3cr1,Oligodendrocyte,Neuron,0.0004412199486978352,0.0016634350176900625,0.26524627208709717
Spp1,Cd44,VLMC,Neuron,0.000415507034631446,0.10472520440816879,0.003967593424022198
Spp1,Cd44,Microglia,Endothelial,0.0004125853884033859,0.010916339233517647,0.03779521584510803
Spp1,Cd44,Ependymal,Astrocyte,0.00036557053681463003,0.0450000986456871,0.008123772218823433
Cx3cl1,Cx3cr1,Microglia,Pericyte,0.00036544835893437266,0.0020065372809767723,0.18212886154651642
Cx3cl1,Cx3cr1,Microglia,Ependymal,0.0003460732114035636,0.0020065372809767723,0.17247284948825836
Cx3cl1,Cx3cr1,Microglia,OPC,0.00032258950523100793,0.0020065372809767723,0.1607692539691925
Gas6,Mertk,Pericyte,Oligodendrocyte,0.00031784342718310654,0.011173979379236698,0.028444962576031685
Spp1,Cd44,Microglia,VLMC,0.00031200030934996903,0.010916339233517647,0.028581038117408752
Cx3cl1,Cx3cr1,Oligodendrocyte,Pericyte,0.00030295952456071973,0.0016634350176900625,0.18212886154651642
C3,C3ar1,OPC,Neuron,0.0002936430391855538,0.0036590872332453728,0.08025035262107849
C3,C3ar1,Microglia,Neuron,0.00029213022207841277,0.0036402358673512936,0.08025035262107849
Spp1,Cd44,Neuron,Endothelial,0.0002913328062277287,0.007708192802965641,0.03779521584510803
Cx3cl1,Cx3cr1,Oligodendrocyte,Ependymal,0.0002868973824661225,0.0016634350176900625,0.17247284948825836
Cx3cl1,Cx3cr1,Microglia,Oligodendrocyte,0.0002773543237708509,0.0020065372809767723,0.13822534680366516
Cx3cl1,Cx3cr1,Oligodendrocyte,OPC,0.00026742921909317374,0.0016634350176900625,0.1607692539691925
Spp1,Cd44,Ependymal,Oligodendrocyte,0.00026060870732180774,0.0450000986456871,0.00579129159450531
Cx3cl1,Cx3cr1,Microglia,Astrocyte,0.0002571256773080677,0.0020065372809767723,0.12814398109912872
C3,C3ar1,OPC,Endothelial,0.00024127743381541222,0.0036590872332453728,0.06593924015760422
C3,C3ar1,Microglia,Endothelial,0.00024003438011277467,0.0036402358673512936,0.06593924015760422
Spp1,Cd44,Neuron,VLMC,0.00022030815307516605,0.007708192802965641,0.028581038117408752
Cx3cl1,Cx3cr1,Oligodendrocyte,Astrocyte,0.00021315919002518058,0.0016634350176900625,0.12814398109912872
Spp1,Cd44,Astrocyte,Endothelial,0.0002024637215072289,0.005356861278414726,0.03779521584510803
Spp1,Cd44,Pericyte,Endothelial,0.00019297456310596317,0.005105793476104736,0.03779521584510803
Spp1,Cd44,Ependymal,Neuron,0.00017854208999779075,0.0450000986456871,0.003967593424022198
C3,C3ar1,OPC,Ependymal,0.00016103536472655833,0.0036590872332453728,0.04400970786809921
C3,C3ar1,Microglia,Ependymal,0.00016020571638364345,0.0036402358673512936,0.04400970786809921
Spp1,Cd44,Astrocyte,VLMC,0.00015310465823858976,0.005356861278414726,0.028581038117408752
Spp1,Cd44,Pericyte,VLMC,0.00014592887600883842,0.005105793476104736,0.028581038117408752
C3,C3ar1,Microglia,OPC,0.0001343317999271676,0.0036402358673512936,0.03690195083618164
C3,C3ar1,OPC,Oligodendrocyte,0.00012136631994508207,0.0036590872332453728,0.03316846862435341
C3,C3ar1,Microglia,Oligodendrocyte,0.00012074104597559199,0.0036402358673512936,0.03316846862435341
C3,C3ar1,OPC,Astrocyte,0.00011835755140054971,0.0036590872332453728,0.032346196472644806
C3,C3ar1,Microglia,Astrocyte,0.00011774778249673545,0.0036402358673512936,0.032346196472644806
C3,C3ar1,OPC,Pericyte,0.00010487731924513355,0.0036590872332453728,0.028662152588367462
C3,C3ar1,Microglia,Pericyte,0.00010433699935674667,0.0036402358673512936,0.028662152588367462
Spp1,Cd44,Endothelial,OPC,9.512266115052626e-05,0.15295416116714478,0.0006219030474312603
C3,C3ar1,Neuron,Endothelial,9.464353934163228e-05,0.0014353144215419888,0.06593924015760422
Spp1,Cd44,Microglia,Astrocyte,8.868185250321403e-05,0.010916339233517647,0.008123772218823433
Spp1,Cd44,Neuron,Microglia,8.398699719691649e-05,0.007708192802965641,0.010895809158682823
C3,C3ar1,Oligodendrocyte,Neuron,7.580847159260884e-05,0.0009446497424505651,0.08025035262107849
Spp1,Cd44,VLMC,OPC,6.5128922869917e-05,0.10472520440816879,0.0006219030474312603
Spp1,Cd44,Microglia,Oligodendrocyte,6.321970431599766e-05,0.010916339233517647,0.00579129159450531
C3,C3ar1,Neuron,Ependymal,6.316776853054762e-05,0.0014353144215419888,0.04400970786809921
Spp1,Cd44,Neuron,Astrocyte,6.261960515985265e-05,0.007708192802965641,0.008123772218823433
C3,C3ar1,Oligodendrocyte,Endothelial,6.228948768693954e-05,0.0009446497424505651,0.06593924015760422
Spp1,Cd44,Oligodendrocyte,Endothelial,6.046271664672531e-05,0.001599745242856443,0.03779521584510803
Spp1,Cd44,Astrocyte,Microglia,5.836733907926828e-05,0.005356861278414726,0.010895809158682823
Spp1,Cd44,Pericyte,Microglia,5.563175000133924e-05,0.005105793476104736,0.010895809158682823
C3,C3ar1,Neuron,OPC,5.2965900977142155e-05,0.0014353144215419888,0.03690195083618164
C3,C3ar1,Endothelial,Neuron,4.8422531108371913e-05,0.0006033933605067432,0.08025035262107849
C3,C3ar1,Neuron,Oligodendrocyte,4.7607180022168905e-05,0.0014353144215419888,0.03316846862435341
C3,C3ar1,Neuron,Astrocyte,4.642696148948744e-05,0.0014353144215419888,0.032346196472644806
Spp1,Cd44,Oligodendrocyte,VLMC,4.572237958200276e-05,0.001599745242856443,0.028581038117408752
Spp1,Cd44,Neuron,Oligodendrocyte,4.4640393753070384e-05,0.007708192802965641,0.00579129159450531
Spp1,Cd44,Microglia,Neuron,4.3311596527928486e-05,0.010916339233517647,0.003967593424022198
C3,C3ar1,Oligodendrocyte,Ependymal,4.1573759517632425e-05,0.0009446497424505651,0.04400970786809921
Spp1,Cd44,Pericyte,Astrocyte,4.1478302591713145e-05,0.005105793476104736,0.008123772218823433
C3,C3ar1,Neuron,Pericyte,4.113919931114651e-05,0.0014353144215419888,0.028662152588367462
C3,C3ar1,Oligodendrocyte,OPC,3.485941851977259e-05,0.0009446497424505651,0.03690195083618164
Spp1,Cd44,Astrocyte,Oligodendrocyte,3.102314440184273e-05,0.005356861278414726,0.00579129159450531
C3,C3ar1,Oligodendrocyte,Astrocyte,3.055582783417776e-05,0.0009446497424505651,0.032346196472644806
Spp1,Cd44,Pericyte,Oligodendrocyte,2.9569138860097155e-05,0.005105793476104736,0.00579129159450531
Spp1,Cd44,Ependymal,OPC,2.7985697670374066e-05,0.0450000986456871,0.0006219030474312603
C3,C3ar1,Oligodendrocyte,Pericyte,2.7075695470557548e-05,0.0009446497424505651,0.028662152588367462
C3,C3ar1,Endothelial,Ependymal,2.655516618688125e-05,0.0006033933605067432,0.04400970786809921
C3,C3ar1,Endothelial,OPC,2.226639298896771e-05,0.0006033933605067432,0.03690195083618164
Spp1,Cd44,Astrocyte,Neuron,2.1253847080515698e-05,0.005356861278414726,0.003967593424022198
Spp1,Cd44,Pericyte,Neuron,2.0257712094462477e-05,0.005105793476104736,0.003967593424022198
C3,C3ar1,Endothelial,Oligodendrocyte,2.0013634639326483e-05,0.0006033933605067432,0.03316846862435341
C3,C3ar1,Endothelial,Astrocyte,1.95174798136577e-05,0.0006033933605067432,0.032346196472644806
Spp1,Cd44,Oligodendrocyte,Microglia,1.7430518710170873e-05,0.001599745242856443,0.010895809158682823
C3,C3ar1,Endothelial,Pericyte,1.7294552890234627e-05,0.0006033933605067432,0.028662152588367462
Spp1,Cd44,Oligodendrocyte,Astrocyte,1.2995966244488955e-05,0.001599745242856443,0.008123772218823433
Spp1,Cd44,Microglia,OPC,6.7889045567426365e-06,0.010916339233517647,0.0006219030474312603
Spp1,Cd44,Oligodendrocyte,Neuron,6.347138878481928e-06,0.001599745242856443,0.003967593424022198
Spp1,Cd44,Neuron,OPC,4.793748757947469e-06,0.007708192802965641,0.0006219030474312603
Spp1,Cd44,Astrocyte,OPC,3.3314483971480513e-06,0.005356861278414726,0.0006219030474312603
Spp1,Cd44,Pericyte,OPC,3.1753086204844294e-06,0.005105793476104736,0.0006219030474312603
Spp1,Cd44,Oligodendrocyte,OPC,9.948864772013621e-07,0.001599745242856443,0.0006219030474312603
C3,C3ar1,Astrocyte,OPC,0.0,0.0,0.03690195083618164
C3,C3ar1,Astrocyte,Neuron,0.0,0.0,0.08025035262107849
C3,C3ar1,Astrocyte,Microglia,0.0,0.0,1.0495631694793701
C3,C3ar1,Astrocyte,Oligodendrocyte,0.0,0.0,0.03316846862435341
Cx3cl1,Cx3cr1,Pericyte,Oligodendrocyte,0.0,0.0,0.13822534680366516
Cx3cl1,Cx3cr1,Pericyte,Astrocyte,0.0,0.0,0.12814398109912872
Cx3cl1,Cx3cr1,Pericyte,Microglia,0.0,0.0,2.9468533992767334
Cx3cl1,Cx3cr1,Pericyte,Neuron,0.0,0.0,0.26524627208709717
Spp1,Cd44,OPC,Ependymal,0.0,0.0,0.33955907821655273
Spp1,Cd44,OPC,Endothelial,0.0,0.0,0.03779521584510803
Spp1,Cd44,OPC,Oligodendrocyte,0.0,0.0,0.00579129159450531
Spp1,Cd44,OPC,Astrocyte,0.0,0.0,0.008123772218823433
Spp1,Cd44,OPC,Microglia,0.0,0.0,0.010895809158682823
Spp1,Cd44,OPC,Neuron,0.0,0.0,0.003967593424022198
Spp1,Cd44,OPC,VLMC,0.0,0.0,0.028581038117408752
Spp1,Cd44,OPC,Pericyte,0.0,0.0,0.394557386636734
C3,C3ar1,Pericyte,Microglia,0.0,0.0,1.0495631694793701
C3,C3ar1,Pericyte,Neuron,0.0,0.0,0.08025035262107849
C3,C3ar1,Pericyte,OPC,0.0,0.0,0.03690195083618164
C3,C3ar1,Pericyte,VLMC,0.0,0.0,1.2773313522338867
C3,C3ar1,Pericyte,Ependymal,0.0,0.0,0.04400970786809921
C3,C3ar1,Pericyte,Endothelial,0.0,0.0,0.06593924015760422
Cx3cl1,Cx3cr1,Pericyte,Ependymal,0.0,0.0,0.17247284948825836
Cx3cl1,Cx3cr1,Pericyte,VLMC,0.0,0.0,0.8772769570350647
Cx3cl1,Cx3cr1,Pericyte,OPC,0.0,0.0,0.1607692539691925
Cx3cl1,Cx3cr1,Pericyte,Endothelial,0.0,0.0,0.2847607433795929
C3,C3ar1,Astrocyte,VLMC,0.0,0.0,1.2773313522338867
C3,C3ar1,Pericyte,Oligodendrocyte,0.0,0.0,0.03316846862435341
C3,C3ar1,Pericyte,Astrocyte,0.0,0.0,0.032346196472644806
C3,C3ar1,Astrocyte,Ependymal,0.0,0.0,0.04400970786809921
C3,C3ar1,Astrocyte,Endothelial,0.0,0.0,0.06593924015760422
C3,C3ar1,Astrocyte,Pericyte,0.0,0.0,0.028662152588367462
