gene,cluster,max_membership
1010001B22Rik,2,0.475
1110046J04Rik,0,0.555
1110051M20Rik,0,0.987
1110059E24Rik,0,0.994
1600012H06Rik,0,1.0
1600014C10Rik,0,0.855
1700013F07Rik,2,0.763
1700016P03Rik,0,0.688
1700019G17Rik,0,0.999
1700021F05Rik,0,0.993
1700029I15Rik,2,0.997
1700047M11Rik,0,0.999
1700052K11Rik,0,0.85
1700095J03Rik,2,0.374
1700096K18Rik,0,0.558
1700102P08Rik,2,0.87
1700112E06Rik,0,0.497
1810024B03Rik,0,0.674
2010204K13Rik,0,0.998
2210011C24Rik,0,0.367
2210408I21Rik,2,0.853
2210418O10Rik,2,0.975
2310010J17Rik,3,0.983
2310040G24Rik,0,0.325
2610002M06Rik,0,1.0
2610028E06Rik,4,0.841
2610306M01Rik,0,1.0
2610524H06Rik,0,1.0
2700029L08Rik,2,0.545
2700069I18Rik,2,0.312
2700097O09Rik,2,0.983
2810029C07Rik,0,0.793
2810039B14Rik,0,0.724
2810408A11Rik,4,0.442
2900052L18Rik,0,0.709
3930402G23Rik,3,0.773
4831440E17Rik,3,0.544
4921536K21Rik,0,0.735
4930427A07Rik,2,0.859
4930451G09Rik,0,0.602
4930452B06Rik,0,0.948
4930477O15Rik,1,0.654
4930479D17Rik,2,0.618
4930507D05Rik,0,0.921
4930517J16Rik,1,0.341
4930522L14Rik,1,0.962
4930581F22Rik,2,0.936
4933407K13Rik,2,0.983
4933407L21Rik,2,0.518
4933416E14Rik,1,0.651
5031414D18Rik,0,0.736
5330434G04Rik,2,0.963
5730405O15Rik,2,0.45
5730522E02Rik,4,0.455
5830417I10Rik,0,0.997
6230400D17Rik,2,0.721
6430571L13Rik,0,0.7
6430573P05Rik,3,0.979
6530401F13Rik,1,0.988
8030453O22Rik,0,0.998
9030612E09Rik,3,0.899
9130221H12Rik,0,1.0
9330111N05Rik,0,0.644
9330154J02Rik,1,0.388
9330158H04Rik,3,0.997
9330179D12Rik,2,0.776
9530082P21Rik,1,0.6
9930014A18Rik,0,0.987
9930021J03Rik,0,1.0
A130010J15Rik,2,0.497
A130014A01Rik,2,0.882
A230005M16Rik,0,0.813
A230056P14Rik,0,0.817
A2m,0,0.514
A330069E16Rik,4,0.57
A330074K22Rik,0,0.883
A430105I19Rik,0,0.991
A4galt,2,0.963
A630023P12Rik,2,0.976
A730017C20Rik,0,0.966
A730060N03Rik,0,0.973
A830080D01Rik,2,0.96
A830082K12Rik,0,0.905
A930003O13Rik,4,0.519
A930005G22Rik,3,0.968
A930024N18Rik,0,0.998
A930029G22Rik,0,0.836
A930033H14Rik,2,0.975
AA465934,2,0.951
AA986860,2,0.987
AF529169,2,0.717
AI429214,2,0.636
AI467606,0,0.681
AU020206,0,0.557
AW112010,2,0.544
AW121686,2,0.903
AW495222,2,0.785
Abca17,3,0.955
Abcc12,4,0.873
Abcd2,0,0.998
Abcd3,0,1.0
Abi1,0,0.999
Abl1,0,0.903
Accsl,1,0.78
Acer2,0,0.953
Acot11,0,1.0
Acot3,0,0.992
Acsf3,0,1.0
Acsl4,0,0.999
Actn3,2,0.445
Acvr1,0,0.996
Adal,0,0.945
Adam12,2,0.744
Adam8,0,0.847
Adamtsl4,0,0.992
Adcyap1,0,0.557
Adgb,2,0.787
Adgrb3,0,1.0
Adgrf4,2,0.937
Adgrg2,0,0.98
Adgrl4,0,1.0
Adra2a,0,0.993
Afap1l2,0,1.0
Aga,0,0.999
Agbl3,2,0.981
Agbl4,0,0.973
Agpat9,0,0.646
Agtpbp1,0,1.0
Ahsa2,0,0.809
Aim2,2,0.999
Akr1e1,0,0.991
Aldh1l2,0,0.988
Alg13,0,0.973
Alox5,0,0.353
Amd-ps4,3,0.406
Amd-ps5,4,0.827
Amhr2,0,0.486
Anapc10,0,0.763
Angptl1,2,0.741
Angptl4,2,0.462
Angptl6,0,0.998
Ankrd39,0,0.569
Ankrd49,2,0.604
Ankrd55,2,0.935
Ano4,0,1.0
Anp32b-ps1,3,0.775
Anxa4,0,0.999
Aox3,2,0.91
Apbb1ip,0,0.896
Apobec1,2,0.579
Apold1,0,0.97
Apoo,0,0.985
Aqp4,0,1.0
Aqp9,2,0.965
Arap3,0,1.0
Arc,0,0.985
Arhgap12,0,0.996
Arhgap30,0,0.994
Arhgap4,2,0.868
Arid5a,0,0.997
Arl16,0,0.997
Arl6ip4,0,0.993
Armcx5,0,0.655
Arntl,0,1.0
Arsk,0,0.625
Asb4,0,0.409
Asf1b,4,0.922
Aspg,0,0.693
Atad3aos,3,0.768
Athl1,0,0.951
Atl3,0,1.0
Atp6v0a4,0,0.461
B130024G19Rik,1,0.733
B230206H07Rik,0,0.874
B230206L02Rik,0,0.758
B230208B08Rik,4,0.452
B230216N24Rik,2,0.962
B3gnt5,0,0.397
B3gntl1,0,0.996
B430305J03Rik,0,0.917
B9d1,0,1.0
BC002059,2,1.0
BC022960,2,0.997
BC028528,0,0.957
BC037032,2,0.467
BC048644,1,0.931
BC055324,3,0.964
Bambi,0,0.997
Bambi-ps1,1,0.962
Bbox1,2,0.706
Bbs10,2,0.62
Bbs12,2,0.751
Bbs9,0,0.908
Bche,2,0.96
Bend3,2,0.682
Best1,2,0.552
Bet1,2,0.533
Bicd1,0,0.852
Birc3,2,0.719
Blzf1,0,0.918
Bmp6,0,0.996
Bnip3l-ps,0,1.0
Bora,2,0.995
Bspry,2,0.313
Bst2,0,0.897
Btaf1,0,1.0
Btbd16,0,0.787
C030013D06Rik,0,0.615
C030014I23Rik,0,0.982
C030018K13Rik,2,0.636
C030048H21Rik,3,0.974
C1rl,3,0.33
C230035I16Rik,3,0.78
C330018D20Rik,0,0.881
C730034F03Rik,3,0.373
C920021L13Rik,0,0.692
Cacna1c,0,1.0
Cacna1g,0,1.0
Cacna2d2,0,0.985
Cacng2,0,1.0
Cadm1,0,1.0
Calb1,0,0.999
Calu,0,0.997
Camkk1,0,0.995
Cap1,0,0.993
Capg,0,0.975
Capza1,0,0.956
Car5b,0,0.936
Car8,0,0.667
Casp3,0,0.723
Casp8,2,0.92
Cast,2,0.989
Cbx1,0,1.0
Ccbl2,0,0.923
Ccdc103,0,0.629
Ccdc110,4,0.928
Ccdc113,2,0.917
Ccdc127,0,0.989
Ccdc134,0,0.999
Ccdc142os,3,0.983
Ccdc171,2,0.999
Ccdc18,2,0.438
Ccdc66,2,1.0
Ccdc67,1,0.836
Ccdc78,3,0.947
Ccdc8,0,0.909
Ccdc82,2,0.906
Ccdc86,0,0.993
Ccdc88a,0,0.91
Ccnd1,0,1.0
Ccnh,0,0.934
Ccpg1,0,0.989
Cct8l1,4,0.8
Cd22,0,0.543
Cd248,0,0.963
Cd276,0,1.0
Cd36,4,0.873
Cd38,0,0.991
Cd4,1,0.588
Cd44,3,0.537
Cd82,0,0.937
Cdan1,0,0.998
Cdc42bpa,0,0.996
Cdh24,0,0.99
Cdhr2,2,0.838
Cdhr4,2,0.904
Cdk2ap1,0,1.0
Cdkn1a,0,0.996
Cdkn2b,0,0.407
Cdt1,0,0.388
Cela1,0,0.93
Cenph,3,0.707
Cenpj,2,0.991
Cenpl,2,0.881
Cenpo,0,0.885
Cenpq,2,0.908
Cenpu,2,0.581
Cep128,2,0.787
Cep295,0,0.511
Cercam,0,0.985
Cfap97,0,0.987
Cfdp1,0,0.999
Chek2,2,0.936
Chrdl1,0,0.872
Chrm5,2,0.903
Chrna1os,2,0.541
Chrna3,0,0.44
Chst7,0,0.935
Chst9,0,0.638
Ckap2l,4,0.735
Clec1a,2,0.62
Clec2d,0,0.585
Clec5a,2,0.766
Clmp,0,0.97
Clp1,0,0.999
Cmpk2,0,1.0
Cmtm8,0,0.742
Cmtr1,0,1.0
Cmtr2,2,0.885
Cnga4,0,0.461
Col11a2,0,1.0
Cops2,0,0.997
Cpt1a,0,1.0
Creb3l3,0,0.706
Crh,2,0.856
Crip2,0,0.954
Crip3,2,0.98
Crnde,2,0.398
Crtap,0,0.975
Crybb1,0,0.992
Crybg3,0,0.997
Cryzl1,0,1.0
Csde1,0,1.0
Csf2ra,0,0.988
Csf3r,0,0.993
Csgalnact1,0,0.947
Ctbs,0,0.976
Cth,2,0.976
Cubn,4,0.569
Cyb5r2,3,0.944
Cybb,3,0.35
Cyp20a1,0,0.999
Cyp27a1,0,0.804
Cyp27b1,2,0.436
Cyp2j9,0,1.0
Cyp4f16,0,0.84
Cyp4v3,0,0.998
Cyp4x1,0,0.984
Cysltr2,0,0.345
Cytl1,2,0.806
D130017N08Rik,0,1.0
D3Ertd751e,2,0.946
D630039A03Rik,3,0.934
D6Wsu163e,0,0.997
Dars2,0,1.0
Dbil5,3,0.924
Dcdc2a,0,0.822
Dclre1a,0,0.987
Dcst1,3,0.46
Ddc,0,0.783
Ddias,4,0.619
Ddo,0,0.992
Ddx19b,0,1.0
Ddx52,0,0.98
Decr1,0,1.0
Dennd1b,0,1.0
Dennd1c,2,0.889
Dennd2c,2,0.707
Dennd2d,3,0.627
Dennd4c,0,1.0
Dgat2l6,2,0.784
Dgke,0,0.998
Dhdh,0,0.997
Diap3,0,0.874
Dio2,0,0.997
Dkc1,0,0.815
Dlx5,2,0.777
Dlx6os1,0,0.997
Dmc1,2,0.658
Dmkn,4,0.937
Dmrt2,3,0.563
Dnaic1,0,0.962
Dnajc2,2,0.876
Dnajc8,0,1.0
Dnase2a,0,0.956
Dnmt3b,3,0.785
Dock11,2,0.981
Dph5,0,0.997
Dram2,0,0.858
Draxin,2,0.633
Drd2,2,0.591
Drp2,0,0.998
Dtwd2,0,0.891
Dusp1,0,0.983
Dusp5,0,0.997
E130311K13Rik,2,0.869
E130317F20Rik,0,0.863
E230001N04Rik,3,0.989
E230020A03Rik,3,0.491
E530011L22Rik,0,0.999
Ebf3,2,0.854
Ecel1,2,0.866
Ecm1,0,0.989
Eea1,0,0.92
Efcab7,2,0.604
Efhc2,0,0.851
Egf,2,0.739
Egr1,0,0.992
Egr2,0,0.679
Egr4,0,0.983
Eif2s1,0,0.991
Elf4,0,0.888
Ell2,0,0.999
Elmo3,0,0.68
Elp4,0,0.999
Enpep,0,0.94
Ep400,0,0.999
Eqtn,4,0.94
Erap1,0,0.91
Erbb2ip,0,0.999
Esrrb,0,0.903
Esrrg,0,1.0
Etfdh,0,1.0
Etohd2,2,0.816
Etohi1,2,0.863
Exo5,0,0.999
Exoc2,0,1.0
F13a1,2,0.824
Fa2h,0,0.984
Fabp7,0,0.995
Fam107a,0,1.0
Fam114a1,0,0.995
Fam122b,2,0.55
Fam129a,0,0.963
Fam131c,0,0.954
Fam136a,0,1.0
Fam175a,0,0.942
Fam179a,2,0.836
Fam181a,3,0.842
Fam198a,0,0.997
Fam208b,0,0.96
Fam214a,0,1.0
Fam217a,4,0.939
Fam57a,0,0.998
Fam69a,0,1.0
Fam71e1,0,0.861
Fam83h,0,0.465
Fancc,0,0.999
Fap,1,0.417
Far1,0,0.999
Fbln2,0,0.997
Fbxl12os,2,0.981
Fbxl13,3,0.581
Fbxo32,0,0.999
Fbxw10,3,0.99
Fcgr2b,0,0.92
Fdxacb1,0,0.772
Fech,0,1.0
Fermt1,0,0.51
Fgf16,0,0.922
Fgf17,3,0.839
Fgf18,0,0.579
Fhl4,1,0.942
Fktn,0,1.0
Fnbp1,0,0.996
Fndc9,3,0.996
Folh1,2,0.878
Fos,0,0.972
Fosb,0,0.992
Fosl2,0,0.999
Foxf1,2,0.545
Fpgs,0,0.994
Frk,3,0.918
Frmd4b,0,1.0
Fst,0,0.986
Fut8,0,1.0
Fv1,2,0.571
Fyb,2,0.518
Fyco1,0,0.922
Fyttd1,0,0.523
Gabra4,0,1.0
Gabrq,1,0.276
Gad1-ps,2,0.985
Gad2,0,0.999
Galnt4,0,0.999
Ganc,0,0.526
Gatb,0,1.0
Gbgt1,2,0.676
Gbp11,1,0.289
Gbp2,0,0.559
Gbp3,2,0.501
Gbp6,2,0.337
Gbp7,4,0.629
Gbp9,2,0.768
Gcfc2,2,0.924
Gcnt4,0,0.964
Gdpd2,2,0.946
Gem,0,0.959
Ggh,0,0.914
Ghsr,2,0.628
Gimap5,3,0.868
Gimap6,0,0.999
Gin1,0,0.537
Gjb6,0,0.999
Gk5,2,0.936
Gli2,0,0.973
Gm10033,2,0.838
Gm10083,3,0.973
Gm10125,2,0.598
Gm10311,4,0.981
Gm1043,0,0.909
Gm10645,2,0.384
Gm10822,4,0.86
Gm11128,4,0.418
Gm11398,0,0.413
Gm11638,4,0.896
Gm11837,2,0.693
Gm12207,4,0.987
Gm12260,1,0.806
Gm12522,2,0.543
Gm12758,2,0.888
Gm13054,1,0.432
Gm13110,2,0.643
Gm13293,2,0.533
Gm13558,3,0.919
Gm13629,2,0.939
Gm14288,2,0.917
Gm14305,2,0.821
Gm14391,0,0.648
Gm14403,2,0.971
Gm14419,2,0.913
Gm14421,2,0.97
Gm14634,0,0.745
Gm14957,0,0.622
Gm14964,2,0.943
Gm15246,3,0.885
Gm15344,2,0.847
Gm15462,4,0.936
Gm15559,0,0.536
Gm15672,2,0.65
Gm15879,0,0.581
Gm15998,2,0.568
Gm16049,4,0.868
Gm16118,1,0.558
Gm16299,4,0.765
Gm16334,2,0.653
Gm16339,0,0.775
Gm16379,0,0.92
Gm16386,1,0.766
Gm16576,2,0.901
Gm16638,2,0.982
Gm16675,0,0.425
Gm16793,1,0.964
Gm16794,2,0.636
Gm16835,2,0.953
Gm17024,2,0.806
Gm17244,0,0.618
Gm17324,3,0.719
Gm17382,2,0.533
Gm17396,0,0.819
Gm19265,1,0.995
Gm2004,2,0.999
Gm2007,1,0.545
Gm20186,2,0.756
Gm20387,0,0.974
Gm20449,2,0.639
Gm20457,2,0.981
Gm20458,0,0.548
Gm20503,0,0.609
Gm20515,2,0.819
Gm20604,0,0.994
Gm20743,2,0.952
Gm20754,0,0.82
Gm21092,0,0.996
Gm21781,0,0.954
Gm21967,0,0.995
Gm21975,2,0.406
Gm26512,2,0.996
Gm26529,3,0.969
Gm26532,0,0.882
Gm26621,4,0.981
Gm26644,0,0.939
Gm26645,2,0.486
Gm26671,3,0.972
Gm26703,2,0.777
Gm26778,0,0.876
Gm26782,0,0.961
Gm27030,0,0.711
Gm28424,2,0.909
Gm28873,2,0.648
Gm29483,2,0.833
Gm3248,2,0.597
Gm3252,1,0.428
Gm3650,2,0.733
Gm37008,3,0.676
Gm37078,3,0.659
Gm37240,2,0.551
Gm37285,2,0.789
Gm37292,2,0.453
Gm37296,2,0.448
Gm3739,4,0.993
Gm37584,2,0.58
Gm37785,1,0.593
Gm37827,4,0.717
Gm37885,0,0.994
Gm37914,4,0.786
Gm37960,4,0.482
Gm37968,3,0.791
Gm38192,2,0.497
Gm38250,2,0.746
Gm42463,0,0.689
Gm42528,0,0.992
Gm42636,1,0.969
Gm42644,0,0.943
Gm42659,4,0.954
Gm42783,4,0.625
Gm42851,3,0.474
Gm42858,0,0.748
Gm42902,2,0.828
Gm43081,4,0.834
Gm43328,4,0.902
Gm43337,2,0.666
Gm43477,2,0.899
Gm43536,1,0.656
Gm43604,1,0.852
Gm43636,1,0.901
Gm43690,1,0.984
Gm43800,4,0.426
Gm4491,3,0.485
Gm4793,2,0.658
Gm4944,2,0.974
Gm5814,2,0.978
Gm6483,0,0.907
Gm6939,2,0.685
Gm7094,2,0.912
Gm7120,0,0.939
Gm7598,3,0.956
Gm7967,2,0.734
Gm8995,2,0.915
Gm9754,2,0.753
Gm9776,2,0.532
Gm9828,0,0.785
Gm9866,0,1.0
Gm9870,3,0.602
Gm9903,3,0.882
Gm9924,3,0.919
Gm9925,2,0.917
Gm9996,2,0.94
Gnb3,0,0.342
Gngt2,0,0.829
Golga1,0,0.592
Gorab,0,0.859
Gpn1,0,1.0
Gpr101,2,0.979
Gpr151,0,0.45
Gpr156,0,0.71
Gpr34,0,1.0
Gpsm3,0,0.992
Grm8,2,0.969
Gse1,0,0.992
Gstm2,0,0.573
Gstm3,1,0.424
Gstm4,0,1.0
Gstt1,0,0.999
Gstz1,0,1.0
Gtpbp10,2,0.887
Gucy2c,1,0.315
Gys1,0,1.0
H2-DMb2,1,0.323
H2-Ob,0,0.737
H2-T24,2,0.67
H3f3a-ps1,3,0.553
Hapln1,0,0.93
Hax1,0,0.994
Hcar1,2,0.377
Hcrtr1,0,0.766
Heph,2,0.835
Hibch,0,0.978
Hist1h1c,0,0.976
Hist1h1e,1,0.937
Hist2h4,2,0.51
Hk1os,3,0.522
Hk2,0,0.991
Hlx,1,0.767
Hmgb1,0,0.956
Hmgcs1,0,1.0
Hmgcs2,2,0.615
Hnrnpa1l2-ps,2,0.621
Homer1,0,0.998
Hpn,0,0.845
Hpx,1,0.536
Hrsp12,0,0.961
Hspa5,0,0.998
Hspb3,0,0.323
Htr7,0,0.991
Htra4,0,0.501
Ica1,0,1.0
Icosl,0,0.999
Iffo1,0,1.0
Ifi203,2,0.974
Ifi204,4,0.868
Ifi27,0,0.998
Ifi27l2a,0,0.522
Ifih1,2,0.996
Ifit3,0,0.991
Ifitm7,0,0.467
Ift52,0,1.0
Igsf3,0,1.0
Iigp1,1,0.943
Ikbke,2,0.856
Il13ra1,2,0.933
Il17rc,0,0.955
Il18,2,0.797
Il1rapl1,0,0.736
Il2rg,0,0.624
Il33,0,0.996
Il4ra,2,0.642
Impg2,2,0.843
Inmt,0,0.89
Inpp4a,0,0.998
Ints10,0,0.997
Iqck,0,0.918
Irs2,0,0.999
Irx1,2,0.477
Isg20,3,0.426
Islr,0,1.0
Ispd,0,0.972
Itgax,3,0.695
Izumo4,0,0.999
Jakmip2,0,0.984
Junb,0,0.99
Kank4,0,0.982
Kansl1,0,1.0
Kcnh8,0,0.683
Kcnip4,0,0.999
Kcnk10,0,0.699
Kctd17,0,0.996
Kctd4,0,0.981
Kdm3a,0,0.996
Kdm6a,0,1.0
Khdrbs2,0,0.992
Kif16b,0,0.97
Kif20b,3,0.66
Kif4,0,0.675
Kiz,2,0.549
Klf8,2,0.771
Klhl20,0,0.989
Klhl33,0,0.771
Klhl4,0,1.0
Klk6,0,0.734
Krr1,0,0.817
Krt2,0,0.916
Krt28,4,0.443
Krtcap3,0,0.813
Lair1,0,0.993
Lama3,0,0.899
Lao1,3,0.363
Lars,0,0.995
Lats2,0,0.996
Lcmt2,0,0.99
Lcp2,0,0.743
Ldb3,0,0.743
Ldlrad3,0,1.0
Lgals1-ps2,4,0.931
Lgals8,0,0.902
Lgi1,0,1.0
Lgr5,2,0.891
Lgr6,0,0.988
Lhfpl3,0,0.989
Lhx6,0,1.0
Lif,0,0.733
Lime1,0,0.811
Lingo2,0,0.998
Lipg,0,0.891
Lipo1,2,0.982
Lmbr1l,0,0.999
Lmntd1,4,0.365
Lnp,0,0.839
Loxl3,0,0.988
Lpcat2,0,0.999
Lrp2,0,0.517
Lrrc4c,0,1.0
Lrrc55,0,0.994
Lrrc8d,0,0.686
Lrrc9,3,0.535
Lrrcc1,2,0.999
Lst1,0,0.678
Ltn1,0,0.999
Ltv1,0,0.909
Lurap1,0,1.0
Luzp1,0,0.982
Luzp2,0,1.0
Ly6g6d,0,0.388
Lyrm5,2,0.735
Lyrm7,0,0.999
Lysmd3,2,0.548
Mad2l1,0,0.971
Mafa,0,0.94
Maff,0,0.94
Maml2,0,1.0
Manea,0,0.973
Map10,0,0.635
Mapk12,0,0.818
Mast4,0,0.999
Mastl,3,0.629
Matr3,2,0.628
Mb21d1,2,0.774
Mbd4,0,0.88
Mcam,0,0.999
Mcidas,3,0.302
Mcm8,2,0.584
Mcts1,0,0.59
Mdm4-ps,1,0.919
Med4,0,1.0
Med6,0,0.923
Mef2c,0,0.973
Metap2,0,0.997
Mettl11b,2,0.974
Mettl18,0,0.895
Mettl24,2,0.609
Mettl4,0,0.848
Mettl9,0,1.0
Mical1,0,0.998
Mitd1,2,0.862
Mkln1os,2,0.999
Mlh3,0,0.999
Mlxipl,0,0.96
Mmp14,0,1.0
Mmp28,0,0.978
Mmrn2,0,0.994
Mnat1,0,0.865
Moap1,0,0.851
Morn1,0,0.608
Morn3,2,0.695
Mpg,0,0.922
Mpzl3,0,0.998
Mr1,0,0.912
Mre11a,2,0.718
Mri1,0,1.0
Mroh7,2,0.684
Mrpl32,0,0.994
Mrps10,0,0.999
Mtdh,0,0.737
Mterf2,2,0.994
Mtf2,0,0.769
Mtmr11,0,0.989
Mttp,0,0.934
Mtus1,0,1.0
Mustn1,2,0.645
Myo16,0,1.0
Naa15,0,0.962
Naglu,0,0.992
Nagpa,0,0.981
Naip2,2,0.735
Nat1,4,0.762
Nbr1,0,0.991
Ncam2,0,0.841
Ncapg2,2,0.98
Ncaph,3,0.518
Ndc1,0,1.0
Ndnf,0,0.976
Ndufaf4,0,0.532
Ndufb4,0,0.908
Neb,2,0.572
Nek7,0,0.722
Nfe2l2,0,1.0
Nfic,0,1.0
Ngfr,0,0.504
Nhlrc3,0,0.999
Nhlrc4,4,0.267
Nhs,2,0.981
Ninj2,0,0.881
Nkrf,0,1.0
Nle1,0,1.0
Nmb,0,0.841
Nmd3,0,0.998
Nod2,1,0.775
Nol11,0,1.0
Nos1,0,0.998
Notumos,1,0.739
Npb,0,0.608
Npepps,0,1.0
Npm1,0,1.0
Npr1,0,0.997
Nr3c1,0,0.983
Nr4a1,0,0.987
Nr6a1,0,0.986
Nrde2,0,0.997
Nrg1,0,0.799
Nrip2,0,1.0
Nsdhl,0,0.998
Nsmce4a,0,0.999
Nsun6,2,0.668
Ntmt1,0,0.977
Nubpl,2,0.859
Nup210l,3,0.44
Nup43,0,0.653
Nxph1,0,1.0
Olfm4,0,0.9
Olfml2a,2,0.799
Olfr1372-ps1,3,0.635
Onecut1,0,0.932
Opalin,0,0.974
Orc5,0,1.0
Otogl,2,0.956
Oxsm,2,0.503
P2ry2,0,0.875
P4ha3,0,0.739
Pabpc5,2,0.805
Pak3,0,1.0
Papd4,0,1.0
Parp10,0,0.894
Parp16,0,0.585
Parp3,0,0.919
Parp9,0,0.642
Pawr,0,0.982
Pax5,4,0.929
Pbld2,0,0.602
Pcbd1,2,0.752
Pcdh12,2,0.298
Pcdh15,2,0.978
Pcdh9,0,0.968
Pcdha11,0,0.919
Pcdha8,1,0.796
Pcdhb1,1,0.862
Pcdhb15,0,0.988
Pcdhb18,0,0.998
Pcdhga3,0,0.993
Pde6d,0,0.982
Pdgfd,2,0.637
Pdk4,0,0.992
Pdlim2,0,0.951
Pdpn,0,1.0
Pdpr,0,1.0
Pdss2,0,0.976
Peg10,0,0.863
Pfdn6,0,1.0
Pfkfb2,0,0.992
Pfkfb4,0,1.0
Phf11c,3,0.493
Phf14,0,0.845
Phf7,0,0.952
Phtf1os,1,0.688
Phyhd1,0,0.615
Pibf1,2,0.934
Piezo2,0,0.4
Pigz,0,0.983
Pik3ip1,0,0.999
Pik3r5,0,0.99
Pik3r6,0,0.939
Pipox,2,0.387
Pirb,3,0.494
Pla2g4a,2,0.874
Pla2g4e,0,0.757
Plcd4,0,0.998
Plcxd1,0,0.933
Plekhg3,0,0.999
Pllp,0,0.985
Plp2,0,0.872
Plscr2,2,0.708
Plvap,0,0.996
Plxdc1,0,0.991
Plxnd1,0,0.988
Pm20d2,2,0.68
Pnlip,0,0.367
Pnma5,2,0.866
Pnpla8,0,0.991
Podxl,0,1.0
Polh,0,0.997
Popdc2,4,0.869
Ppap2c,0,0.99
Ppil6,2,0.688
Ppp1r2-ps6,4,0.628
Ppp1r3b,2,0.578
Ppp2r3c,0,0.993
Ppp3cb,0,0.998
Ppp3cc,0,0.994
Pqlc3,3,0.472
Prdm5,0,0.75
Prex2,0,0.981
Prickle3,2,0.586
Prim1,2,1.0
Prima1,0,0.838
Prkab2,0,1.0
Prkar2b,0,0.994
Prkcq,0,0.981
Prorsd1,2,0.786
Pros1,0,0.845
Prr32,0,0.35
Prr5l,0,0.982
Prrc1,0,1.0
Prss35,2,0.532
Prtg,0,0.984
Pskh1,0,0.979
Psma8,1,0.862
Psmb9,0,0.848
Psrc1,0,0.999
Ptbp3,0,0.987
Ptk7,0,1.0
Ptpn20,4,0.734
Ptrh1,0,0.841
Pus7l,2,0.865
Pxylp1,2,0.547
R74862,0,0.967
RP23-154P9.3,2,0.733
RP23-181P23.1,0,0.999
RP23-181P23.4,4,0.577
RP23-322E20.6,1,0.319
RP23-374K9.4,2,0.512
RP23-435I16.2,4,0.725
RP23-446E21.5,1,0.975
RP23-4F16.12,1,0.311
RP23-4F16.14,0,0.329
RP24-136L4.6,2,0.475
RP24-194N1.2,3,0.424
RP24-238C11.4,3,0.777
RP24-568N16.1,1,0.587
RP24-67F19.6,3,0.435
RP24-74B24.4,1,0.298
Rab23,0,1.0
Rab26os,1,0.794
Rab2b,0,0.963
Rab34,0,0.999
Rab37,0,0.841
Rab4b,0,1.0
Rab9,0,0.983
Rabl3,0,1.0
Rac1,0,0.912
Rae1,0,1.0
Rap1a,0,0.992
Rapsn,3,0.8
Rbl1,2,0.772
Rbm41,2,0.896
Rbm45,0,0.984
Rbmx2,0,0.923
Rdx,0,1.0
Recql4,0,0.97
Rel,0,0.866
Rffl,0,0.999
Rfx3,0,1.0
Rgag4,3,0.771
Rgp1,0,1.0
Rgs1,3,0.656
Rgs13,4,0.796
Rhobtb3,0,0.993
Ripk1,0,0.514
Ripply2,0,0.946
Rnf113a2,0,0.996
Rnf125,2,0.641
Rnf149,0,1.0
Ror2,4,0.907
Rpa1,0,1.0
Rpa3,2,0.771
Rph3al,0,0.995
Rpl15,0,1.0
Rpl17,2,0.592
Rpl23a,0,0.996
Rpp30,0,0.787
Rpp40,4,0.511
Rrm2,0,0.628
Rsl1,2,0.612
Rtn4,0,1.0
Rtp1,0,0.728
Rttn,0,0.866
Runx1t1,0,0.874
Rxfp3,2,0.93
S100a11,0,0.79
S100a6,0,0.947
Sag,0,0.835
Samd5,0,0.991
Samd9l,2,0.87
Sars2,0,1.0
Sass6,2,0.993
Sat2,0,0.774
Scai,0,0.999
Scarf1,0,0.839
Scfd1,0,0.931
Scn2a1,0,1.0
Scnn1a,0,0.999
Scpep1,0,0.996
Sdf2l1,0,0.965
Sdr42e1,0,0.941
Sema3d,2,0.992
Senp6,0,0.994
Senp8,0,0.886
Serbp1,0,1.0
Serpinb8,0,0.509
Serpind1,2,0.769
Setd3,0,0.999
Sgsh,0,0.999
Sh3kbp1,0,1.0
Shpk,0,0.984
Siae,0,0.999
Sik1,0,0.994
Slc10a4,3,0.4
Slc12a2,0,0.999
Slc15a3,0,0.812
Slc22a12,2,0.292
Slc22a5,0,0.999
Slc23a3,3,0.399
Slc26a4,2,0.567
Slc27a2,0,0.995
Slc35f2,0,0.996
Slc38a1,0,0.922
Slc39a6,0,1.0
Slc40a1,0,0.845
Slc43a3,0,0.488
Slc45a3,0,0.723
Slc4a11,0,0.526
Slc5a10,1,0.633
Slc6a12,3,0.664
Slfn5,2,0.503
Slfn8,2,0.909
Smarce1-ps1,0,0.99
Smc4,2,0.999
Smco3,0,0.632
Smek2,0,0.57
Snai1,0,0.431
Snhg5,2,0.973
Snx7,0,0.992
Snx8,0,0.994
Sod3,0,0.998
Sorbs2,0,1.0
Sp110,0,0.829
Sp7,2,0.628
Spag4,2,0.954
Spag6l,0,0.819
Spata24,2,0.74
Spata3,0,0.416
Spata32,4,0.482
Spint1,3,0.597
Spocd1,3,0.851
Spock3,0,1.0
Spred1,0,1.0
Sprtn,0,0.982
Sptbn5,3,0.836
Srbd1,0,0.913
Srgap3,0,0.664
Sspn,0,0.996
Stard4,0,1.0
Stau1,0,0.999
Stc2,0,0.997
Stk10,0,1.0
Stk38l,0,1.0
Stox1,2,0.865
Stxbp3,0,0.982
Suclg2,0,1.0
Sumo2,0,0.735
Sun2,0,0.995
Syna,0,0.986
Syne4,2,0.962
Syt15,2,0.523
Tab3,0,0.995
Tac2,0,0.866
Tapbp,0,1.0
Tatdn1,2,0.902
Tbc1d32,2,0.966
Tbx1,0,0.523
Tbx2,0,0.966
Tcaf2,3,0.534
Tcea2,0,1.0
Tceal1,0,1.0
Tceal7,2,0.375
Tcerg1l,2,0.996
Tctex1d1,4,0.415
Tdgf1,2,0.339
Tdp2,0,0.993
Tefm,0,0.933
Tenm1,0,0.994
Tenm2,0,1.0
Tenm4,0,0.999
Tep1,0,0.943
Tes,0,0.774
Tes3-ps,0,0.566
Tfap4,0,0.996
Tfb1m,0,0.689
Tfdp2,2,0.8
Thbs1,0,0.931
Thbs2,0,0.777
Ticam2,4,0.359
Tigd5,0,0.999
Tiparp,0,1.0
Tipin,0,0.906
Tirap,0,0.63
Tktl2,4,0.83
Tle6,2,0.878
Tll2,0,0.534
Tlr2,3,0.542
Tma16,0,0.991
Tmc6,0,0.998
Tmed2,4,0.386
Tmem123,0,1.0
Tmem125,0,0.968
Tmem138,0,0.984
Tmem143,0,1.0
Tmem161b,2,0.823
Tmem168,0,0.999
Tmem184c,0,0.986
Tmem202,2,0.761
Tmem203,0,0.999
Tmem209,0,0.999
Tmem232,0,0.722
Tmem241,0,0.964
Tmem37,0,0.778
Tmem44,0,0.998
Tmem5,0,1.0
Tmem53,0,0.621
Tmem86a,0,0.99
Tmlhe,2,0.995
Tmod1,0,1.0
Tnfaip8l1,0,0.998
Tnfrsf11a,0,0.832
Tnfrsf22,4,0.911
Tnfrsf23,3,0.422
Tnfrsf8,2,0.785
Tnfsf10,0,0.562
Tnfsf13os,1,0.806
Tppp3,0,0.987
Tprkb,0,1.0
Tpx2,2,0.924
Traip,0,0.976
Trank1,0,0.996
Trdmt1,2,0.995
Trib1,0,0.997
Trim17,0,0.772
Trim33,0,0.998
Trim59,0,0.999
Trim67,2,0.971
Trip13,1,0.65
Trmt10b,2,0.901
Trmt11,2,0.983
Trmt2b,0,0.96
Tsc22d3,0,0.998
Tsga10,2,0.862
Tssk4,2,0.589
Tstd3,0,0.627
Ttc28,0,1.0
Ttc30a1,0,0.988
Ttc36,3,0.453
Ttll7,0,0.968
Ttyh2,0,0.995
Tusc1,0,0.952
Uba6,0,0.93
Ubox5,0,1.0
Uchl4,2,0.929
Uchl5,0,0.526
Ulk4,0,0.939
Umad1,0,0.967
Unc5b,0,0.999
Unc5d,0,0.995
Upf3a,0,0.999
Usp1,0,0.997
Usp27x,1,0.955
Usp6nl,0,1.0
Utp14b,0,0.623
Uty,0,0.835
Vamp7,2,0.632
Vmn1r90,1,0.455
Vsig8,3,0.839
Vwa3b,0,0.708
Wdr43,0,0.935
Wdr53,0,1.0
Wdr5b,2,0.944
Wdr78,2,0.884
Wfdc18,0,0.799
Whrn,0,0.999
Wipi1,0,1.0
Wnt16,2,0.688
Wnt9a,0,0.994
Xaf1,0,0.998
Xlr3a,3,0.615
Xlr3b,4,0.803
Xpnpep2,3,0.952
Xpo1,0,0.883
Xrcc4,2,0.902
Yy2,1,0.771
Zbtb21,0,1.0
Zc3h8,2,0.848
Zcchc12,0,0.687
Zdhhc13,0,0.998
Zeb1,0,0.996
Zfand6,0,0.983
Zfp119a,2,0.956
Zfp119b,2,0.491
Zfp128,0,0.99
Zfp146,0,0.99
Zfp217,0,0.993
Zfp273,2,0.998
Zfp277,0,0.995
Zfp280d,0,0.599
Zfp292,0,0.882
Zfp346,0,0.999
Zfp37,2,0.977
Zfp41,0,0.999
Zfp426,0,0.991
Zfp442,2,1.0
Zfp488,0,0.928
Zfp51,2,0.903
Zfp518a,2,0.998
Zfp558,3,0.466
Zfp595,2,0.916
Zfp599,2,0.992
Zfp607,2,0.725
Zfp639,2,0.664
Zfp644,2,0.557
Zfp65,2,0.995
Zfp677,2,0.72
Zfp729a,2,0.929
Zfp738,2,0.789
Zfp763,2,0.603
Zfp804b,4,0.921
Zfp809,0,0.789
Zfp810,2,0.68
Zfp846,0,0.78
Zfp867,2,0.774
Zfp934,2,0.91
Zfp937,2,0.95
Zfp946,2,0.997
Zfp960,2,0.992
Zfp97,2,0.919
Zkscan1,0,1.0
Zkscan7,2,0.99
Zmat4,0,1.0
Zmynd12,3,0.781
Znhit6,0,0.828
Zufsp,2,0.906
