gene,source,gene_tier,set_repr,n_datasets,consistency,n_sig,meta_Z,meta_p,mean_log2FC,GSE276942_log2FC,GSE215410_log2FC,GSE174412_log2FC,GSE276942_p,GSE215410_p,GSE174412_p
Opalin,gene-level,T1_meta&全一致,D,3,1.0,1,-4.4830487678577695,7.3584104368716866e-06,-1.2333093124424033,-0.9029784128711906,-0.3278723224560194,-2.469077202,4.042706226022775e-05,0.3558910330580133,0.0925529427294831
Sla2,gene-level,T1_meta&全一致,D,3,1.0,2,-4.303280584886189,1.6828750383903074e-05,-0.2931298219623146,-0.583814674304123,-0.1290080845828208,-0.166566707,0.0007388834705812,0.2650256355552642,0.009168067665144
Myo1d,gene-level,T1_meta&全一致,D,3,1.0,1,-4.023149678580349,5.742497540877388e-05,-0.4152930328010732,-0.450799335198818,-0.2388759428710685,-0.5562038203333333,0.0003832816400847,0.3695122993231402,0.0837632764285933
Mog,gene-level,T1_meta&全一致,D,3,1.0,1,-3.78544988919632,0.000153430750711,-0.8026260092201781,-0.394209521643269,-0.2989270966839328,-1.7147414093333326,0.0009293133716999,0.4445910240508409,0.0791494022163513
Gltp,gene-level,T1_meta&全一致,D,3,1.0,1,-3.6301887070961785,0.000283214085427,-0.4229972122897321,-0.2985835564912236,-0.2864971247113059,-0.6839109556666669,0.0030157459075004,0.0908407154750122,0.1812414240540519
Tmem63a,gene-level,T1_meta&全一致,D,3,1.0,1,-3.615515636364004,0.000299750380323,-0.3223300071471941,-0.2963037046423906,-0.3291830671325249,-0.3415032496666668,0.0004310949627354,0.4109687730093761,0.3915496437711485
Pmp22,gene-level,T1_meta&全一致,D,3,1.0,1,-3.499252707818177,0.0004665641630582,-0.7502264451152336,-0.2917332574931812,-0.1512988908525194,-1.807647187,0.0058436285898118,0.2112000680851118,0.0698972680775294
Bcas1,gene-level,T1_meta&全一致,D,3,1.0,1,-3.499045479507934,0.0004669269308328,-0.6595372553123582,-0.3178126183667586,-0.448524920903651,-1.2122742266666648,0.0004597778858352,0.3285979881918809,0.6306565206732242
Prr5l,gene-level,T1_meta&全一致,D,3,1.0,1,-3.49608253085538,0.0004721426448181,-0.3344539021000725,-0.5335206662613041,-0.2576666233722466,-0.2121744166666668,0.0006172354416465,0.4875349584097082,0.384678313938365
Enpp6,gene-level,T1_meta&全一致,D,3,1.0,2,-3.3538580486131013,0.000796932347308,-0.3330946179212212,-0.4920156661373784,-0.1384721162929518,-0.3687960713333335,0.0054576654692105,0.8270972379556208,0.0242863732592607
Mag,gene-level,T1_meta&全一致,,3,1.0,1,-3.057378833795879,0.0022328189055555,-0.6341426189012895,-0.4195740949516171,-0.6922120917522516,-0.7906416699999999,0.0063353331686386,0.1753362228840229,0.4841056274096565
Cebpb,gene-level,T1_meta&全一致,B,3,1.0,2,-2.8464766921925158,0.0044205965217426,-0.2712048222138603,-0.1574541091941554,-0.567521376114092,-0.0886389813333333,0.0333970968843039,0.0166374066335252,0.5559060007230302
Plp1,gene-level,T1_meta&全一致,,3,1.0,1,-2.7849100032871275,0.0053542581678491,-4.759188838279661,-0.4747261577104549,-0.0485872904618496,-13.754253066666678,0.0048592962698834,0.9147641101888152,0.3833194764644306
Cd83,gene-level,T1_meta&全一致,B,3,1.0,1,-2.7820754835136388,0.0054012476028768,-0.2802618278179591,-0.2606049243662838,-0.1953282250875929,-0.3848523340000005,0.011877054168484,0.2117089445986675,0.5768764262221683
Gpr37,gene-level,T1_meta&全一致,,3,1.0,1,-2.7303305376896447,0.006327085263319,-0.2242043220858317,-0.2525208241722509,-0.0557247594185774,-0.3643673826666669,0.0122589399791136,0.8336859388059404,0.1926677988821554
Csf1,gene-level,T1_meta&全一致,B,3,1.0,1,-2.6951900761309253,0.007034848797869,-0.2133509160625823,-0.2701366732668724,-0.1743759352542078,-0.1955401396666667,0.0110965214256108,0.4269879947987129,0.5050534197718506
Runx2,gene-level,T1_meta&全一致,B,3,1.0,1,-2.498911152441422,0.0124575539389652,-0.2403480762102126,-0.2382065414270417,-0.2070268908702628,-0.2758107963333331,0.2109810282507027,0.1787725779665942,0.0155485636309729
Sox10,gene-level,T1_meta&全一致,,3,1.0,1,-2.4396279263811964,0.0147023960689214,-0.42986427251657,-0.2160887579959016,-0.3515534722204751,-0.7219505873333332,0.0363696173906777,0.176030709770645,0.6068254767539688
Gjc2,gene-level,T1_meta&全一致,,3,1.0,1,-2.379822598713889,0.017320974472776,-0.3666326498063881,-0.3625477724471686,-0.6823191343053292,-0.0550310426666666,0.0435978652840842,0.157010921893759,0.6360861689541302
Prr18,gene-level,T1_meta&全一致,,3,1.0,0,-2.2308853514130784,0.025688724299903,-1.14916790473468,-0.315288265772585,-0.6862219030981214,-2.4459935453333337,0.1048130618108622,0.1243474851127261,0.4046257556595567
Ctss,gene-level,T1_meta&全一致,A,3,1.0,1,-2.173258057633442,0.0297609003285142,-0.2698549517344653,-0.236919676275729,-0.0233569789276604,-0.5492882000000066,0.0191334323797483,0.8938600069496968,0.7359238979606375
Ccl6,gene-level,T1_meta&全一致,,3,1.0,0,-2.1556744786469766,0.0311090923597499,-0.2893408294911882,-0.4959923355066093,-0.2593957503002886,-0.1126344026666666,0.0584900043609631,0.5577940147385752,0.3880224708333455
Siglech,gene-level,T1_meta&全一致,,3,1.0,0,-2.1485606698741577,0.0316692422168753,-0.1735309732179428,-0.2116598471216324,-0.0364364985321961,-0.272496574,0.0576047308156397,0.9126309317973564,0.2221450113427589
Ndrg1,gene-level,T1_meta&全一致,,3,1.0,1,-2.135599259883272,0.0327120918092561,-0.4152825751658777,-0.1804509276757269,-0.0454206781552386,-1.0199761196666677,0.0402840602932134,0.7636235651585362,0.4737100434718423
Lcn2,gene-level,T1_meta&全一致,,3,1.0,1,2.0924791116084025,0.0363956784044661,0.4921902438189627,0.7894796295422699,0.4427777699146181,0.244313332,0.2838714557635093,0.4041302842904783,0.0268642053500069
Ccl12,gene-level,T1_meta&全一致,,3,1.0,1,-2.044611858925159,0.0408931394190606,-0.2979932410148029,-0.8054676883640619,-0.0734324503470136,-0.0150795843333333,0.0323714532402035,0.5859403702465644,0.91308238149842
C5ar1,gene-level,T1_meta&全一致,A,3,1.0,0,2.032824191239341,0.0420702881700844,0.2283032692470129,0.2755460512606555,0.3053630744803832,0.104000682,0.1754841042685206,0.1894989903150914,0.2766548724963661
Cd80,gene-level,T1_meta&全一致,,3,1.0,0,-2.0162125246696685,0.0437777573074848,-0.3242435769527471,-0.5007652648806147,-0.2476130263109601,-0.2243524396666666,0.2689732762089487,0.1773350627315113,0.1245146012979961
Tyrobp,gene-level,T1_meta&全一致,A,3,1.0,0,-1.991693222251267,0.0464047278340178,-0.6095466550291685,-0.2374785478782826,-0.3437798318758895,-1.2473815853333334,0.2347648006326816,0.2980216206272982,0.1198188578553317
Cx3cl1,gene-level,T1_meta&全一致,A,3,1.0,0,-1.9906741137618424,0.0465167264002711,-0.7330664928237205,-0.4127517976063029,-0.1664297008648585,-1.62001798,0.0550265234317406,0.3978724744548808,0.8478798732665338
Megf10,gene-level,T1_meta&全一致,,3,1.0,0,-1.9877386830007135,0.046840598327008,-0.2371809676258417,-0.1894915140561117,-0.0875192441547465,-0.434532144666667,0.1266760977552377,0.7304228418330653,0.1590730706087887
Fabp5,gene-level,T1_meta&全一致,,3,1.0,1,-1.977362412550579,0.0480006794870891,-0.175992732020255,-0.2142748222544401,-0.2939571044729918,-0.019746269333333,0.1387215632711529,0.0333058064096438,0.9811184387749968
Junb,gene-level,T2_meta&多数一致,A,3,0.6666666666666666,1,3.767388178443995,0.0001649643918868,-0.0641765046481257,0.7780020593857984,-1.0407975806635088,0.0702660073333332,1.208351625177728e-06,0.2486306474843691,0.9480137321524084
Egr2,gene-level,T2_meta&多数一致,A,3,0.6666666666666666,1,3.2366550158983225,0.0012093952048322,0.2269352135943824,1.6468394887799631,-0.7913712426634829,-0.1746626053333329,2.624158420392908e-06,0.2279237239293164,0.3856469778017647
Arc,gene-level,T2_meta&多数一致,A,3,0.6666666666666666,1,3.0943005618160218,0.0019727752005775,-0.6970127603613742,1.150436484923203,-0.3800428516739922,-2.861431914333333,1.7603771189238084e-05,0.324511189772559,0.5800441720772668
Tlr2,gene-level,T2_meta&多数一致,B,3,0.6666666666666666,1,-3.002503285084855,0.002677690833762,-0.1897853156728379,-0.69202756489263,0.2621561245407828,-0.1394845066666667,0.0011519554219686,0.4881377583384765,0.2484318018088032
Irf8,gene-level,T2_meta&多数一致,B,3,0.6666666666666666,2,-2.9129697921830178,0.0035800923199348,-0.1099640500841807,-0.2620691966588691,-0.1736419039270065,0.1058189503333333,0.0027456453633095,0.0492290668541633,0.4809675065093883
Myrf,gene-level,T2_meta&多数一致,,3,0.6666666666666666,2,-2.865946576852687,0.0041576440171528,-0.2392088196005352,-0.2562271201162609,-0.5182896576853446,0.0568903189999998,0.0105848390918884,0.0274686006323944,0.9194906267467629
Nkx2-2,gene-level,T2_meta&多数一致,,3,0.6666666666666666,1,-2.8470276965526797,0.0044129522816785,-0.121401005480573,-0.3019954350151819,0.041703376906796,-0.1039109583333333,0.0013279258471231,0.9255199759781252,0.7127201078874362
Cnp,gene-level,T2_meta&多数一致,,3,0.6666666666666666,1,-2.6794758453505474,0.0073737523095658,-0.2296523720762711,-0.2920040096538159,-0.4772388339083306,0.080285727333333,0.0053868740694872,0.3281007879764958,0.9774282419997932
Fos,gene-level,T2_meta&多数一致,A,3,0.6666666666666666,2,2.671839176528661,0.0075436792911566,-0.2686864773108987,1.2960699447477566,-0.4595581070137857,-1.642571269666667,1.277205625581922e-06,0.4084378817341763,0.0042035157709366
Aif1,gene-level,T2_meta&多数一致,B,3,0.6666666666666666,1,-2.5001340856298038,0.0124146308529075,-0.1757913872164564,-0.6356039724979725,0.0260991601819364,0.0821306506666667,0.0017835789414492,0.9219189366690748,0.7647707674796267
Lpar1,gene-level,T2_meta&多数一致,,3,0.6666666666666666,1,-2.4853159353484244,0.0129436504286657,-1.1852807901701423,-0.3322119210663441,0.1099779618892498,-3.333608411333333,0.0256180917043525,0.8298374302933433,0.105867647981998
Egr1,gene-level,T2_meta&多数一致,A,3,0.6666666666666666,1,2.461088231593448,0.0138516297011941,-1.5588356328535893,0.666957672721189,-0.6362800946152918,-4.707184476666665,0.0001861595848502,0.1658043014481128,0.5356135937369718
Irf5,gene-level,T2_meta&多数一致,B,3,0.6666666666666666,1,-2.3499321270776443,0.0187768346112615,-0.1407898994913196,-0.1988371860785829,-0.2350021620620426,0.0114696496666666,0.0372821606914114,0.0603634629655429,0.9102243155673448
Kctd17,gene-level,T2_meta&多数一致,,3,0.6666666666666666,1,-2.2845919869948155,0.0223367632277635,-0.1807062087591227,-0.3081469201124402,-0.397476116498261,0.1635044103333331,0.0192373477043964,0.2634922427122747,0.8494092503159274
Gpr34,gene-level,T2_meta&多数一致,B,3,0.6666666666666666,1,-2.2752407446612577,0.0228914918963581,-0.2487656955962343,-0.4346190487061339,0.2393897395840976,-0.5510677776666668,0.0136796843069995,0.4247756767665856,0.2746613027590429
Cx3cr1,gene-level,T2_meta&多数一致,"A,B",3,0.6666666666666666,1,-2.2531698397468287,0.0242484422842709,0.0843822270370354,-0.2991798327279653,0.1480019851724048,0.4043245286666668,0.0010621143876046,0.5029764955879769,0.4542259797268828
Sgk1,gene-level,T2_meta&多数一致,,3,0.6666666666666666,1,2.069532170336798,0.0384961757086502,1.444399293910707,0.6232958850837615,-0.3550624313516382,4.064964427999999,0.0870593766200366,0.3789345697069762,0.0260325581450555
Cd9,gene-level,T2_meta&多数一致,,3,0.6666666666666666,1,-1.9775281482749083,0.0479819619999166,-0.5329289330701877,-0.3563864850078655,0.2323711197973015,-1.474771433999999,0.0314207639780415,0.4683932987609205,0.3386447877785996
Ndufa1,set-representative,,C,3,1.0,0,-1.929008775680666,0.0537297727875893,-0.4508774705481864,-0.124802411003321,-0.4796924526412383,-0.7481375479999999,0.0655605567396688,0.4459369690907539,0.7875183900912408
Slc25a1,set-representative,,C,3,0.6666666666666666,0,-1.9146381848562493,0.055538661874576,-0.1771121924729513,-0.2777473760130178,-0.3361970290725029,0.0826078276666666,0.0503127298970014,0.2888918239322336,0.8022090663527508
Cox7b,set-representative,,C,3,1.0,0,-1.839127673113922,0.0658964096105195,-1.112292668721402,-0.1006951067687218,-0.0772036093954815,-3.158979290000003,0.1907143692976999,0.6846874532381019,0.147178304828715
Cox10,set-representative,,C,3,1.0,0,-1.7685067045593712,0.0769762323492932,-0.1228607622736898,-0.1525968784692093,-0.1537887130185264,-0.0621966953333337,0.0636458621132957,0.6926595432584921,0.8819853354902266
Mpc2,set-representative,,C,3,1.0,0,-1.7224714626987927,0.0849841479868656,-0.13277590392026,-0.1690931366541814,-0.0789429104399319,-0.1502916646666667,0.2641401760687347,0.4034134145859558,0.2253404797715414
Ndufb7,set-representative,,C,3,1.0,0,-1.6931463014484485,0.0904276228735607,-0.2197840955598891,-0.0583891619018501,-0.2092467944444838,-0.3917163303333335,0.236912306426133,0.4438196544580036,0.2891283612278135
Atp5f1,set-representative,,C,3,1.0,0,-1.6225102340762911,0.1046941436171526,-0.2717415942149106,-0.0962301563119165,-0.1146031696661502,-0.604391456666665,0.2538583545177941,0.1774009006720344,0.6186306453126353
Cox7a1,set-representative,,C,2,1.0,0,-1.5137093383118658,0.1300995754557981,-0.3579404443741631,-0.4552667970336275,-0.2606140917146987,,0.1857408155117084,0.4402700659364805,
Atp5g3,set-representative,,C,3,1.0,0,-1.507520480953496,0.1316772981357874,-0.5868694857447044,-0.0564008703156897,-0.699721049585091,-1.0044865373333325,0.5624222313551928,0.0870319521902234,0.2758835937509823
Atpif1,set-representative,,C,3,1.0,0,-1.459159468298178,0.1445212216202938,-1.51171491848413,-0.1066517847121595,-0.0257718940735651,-4.402721076666666,0.3129108618027075,0.9441002472040304,0.1566971279149417
