gene,n_datasets,meta_Z,meta_p,consistency,n_sig,mean_log2FC,GSE276942_log2FC,GSE215410_log2FC,GSE174412_log2FC,GSE276942_p,GSE215410_p,GSE174412_p,meta_padj,in_pathway,tier
Opalin,3,-4.4830487678577695,7.3584104368716866e-06,1.0,1,-1.2333093124424033,-0.9029784128711906,-0.3278723224560194,-2.469077202,4.0427062260227746e-05,0.3558910330580133,0.09255294272948311,0.14972893556946507,D,T1_meta&全一致
Sla2,3,-4.303280584886189,1.6828750383903074e-05,1.0,2,-0.29312982196231463,-0.583814674304123,-0.12900808458282087,-0.166566707,0.0007388834705812655,0.26502563555526426,0.00916806766514402,0.17121570640582987,D,T1_meta&全一致
Myo1d,3,-4.023149678580349,5.742497540877388e-05,1.0,1,-0.41529303280107327,-0.450799335198818,-0.2388759428710685,-0.5562038203333333,0.00038328164008477963,0.3695122993231402,0.08376327642859334,0.3022061316248254,D,T1_meta&全一致
Mog,3,-3.78544988919632,0.00015343075071100795,1.0,1,-0.8026260092201781,-0.39420952164326906,-0.2989270966839328,-1.7147414093333326,0.0009293133716999597,0.4445910240508409,0.07914940221635139,0.3969068941397606,D,T1_meta&全一致
Junb,3,3.767388178443995,0.00016496439188687888,0.6666666666666666,1,-0.06417650464812574,0.7780020593857984,-1.0407975806635088,0.07026600733333321,1.208351625177728e-06,0.24863064748436917,0.9480137321524083,0.3969068941397606,A,T2_meta&多数一致
Gltp,3,-3.6301887070961785,0.0002832140854270534,1.0,1,-0.42299721228973214,-0.2985835564912236,-0.28649712471130595,-0.6839109556666669,0.003015745907500455,0.09084071547501227,0.18124142405405197,0.43566576705816706,D,T1_meta&全一致
Tmem63a,3,-3.6155156363640035,0.0002997503803230951,1.0,1,-0.3223300071471941,-0.29630370464239064,-0.3291830671325249,-0.3415032496666668,0.00043109496273548007,0.4109687730093761,0.3915496437711485,0.43566576705816706,D,T1_meta&全一致
Pmp22,3,-3.499252707818177,0.00046656416305829006,1.0,1,-0.7502264451152336,-0.29173325749318124,-0.15129889085251946,-1.8076471870000002,0.00584362858981188,0.21120006808511188,0.06989726807752943,0.46242299538911474,D,T1_meta&全一致
Bcas1,3,-3.499045479507934,0.00046692693083287713,1.0,1,-0.6595372553123582,-0.31781261836675867,-0.44852492090365104,-1.2122742266666648,0.00045977788583523326,0.3285979881918809,0.6306565206732242,0.46242299538911474,D,T1_meta&全一致
Prr5l,3,-3.4960825308553796,0.00047214264481814007,1.0,1,-0.33445390210007253,-0.5335206662613041,-0.25766662337224666,-0.2121744166666668,0.0006172354416465281,0.4875349584097082,0.384678313938365,0.46242299538911474,D,T1_meta&全一致
Enpp6,3,-3.3538580486131013,0.000796932347308014,1.0,2,-0.33309461792122125,-0.49201566613737846,-0.13847211629295186,-0.3687960713333335,0.005457665469210514,0.8270972379556208,0.024286373259260776,0.5230961097749507,D,T1_meta&全一致
Egr2,3,3.2366550158983225,0.0012093952048322463,0.6666666666666666,1,0.22693521359438243,1.6468394887799631,-0.7913712426634829,-0.1746626053333329,2.624158420392908e-06,0.2279237239293164,0.38564697780176477,0.6780959476702458,A,T2_meta&多数一致
Arc,3,3.0943005618160218,0.001972775200577512,0.6666666666666666,1,-0.6970127603613742,1.150436484923203,-0.3800428516739922,-2.861431914333333,1.7603771189238084e-05,0.32451118977255905,0.5800441720772668,0.7966986866439825,A,T2_meta&多数一致
Mag,3,-3.057378833795879,0.0022328189055555395,1.0,1,-0.6341426189012895,-0.4195740949516171,-0.6922120917522516,-0.7906416699999999,0.006335333168638673,0.17533622288402292,0.48410562740965657,0.8113106980400735,D,T1_meta&全一致
Tlr2,3,-3.002503285084855,0.0026776908337620507,0.6666666666666666,1,-0.18978531567283793,-0.69202756489263,0.26215612454078285,-0.1394845066666667,0.0011519554219686578,0.48813775833847656,0.2484318018088032,0.8518853509122994,B,T2_meta&多数一致
Irf8,3,-2.9129697921830178,0.0035800923199348026,0.6666666666666666,2,-0.10996405008418075,-0.2620691966588691,-0.1736419039270065,0.10581895033333333,0.002745645363309547,0.04922906685416339,0.48096750650938835,0.9167498506411614,B,T2_meta&多数一致
Myrf,3,-2.865946576852687,0.00415764401715284,0.6666666666666666,2,-0.23920881960053522,-0.2562271201162609,-0.5182896576853446,0.056890318999999856,0.01058483909188843,0.027468600632394456,0.9194906267467627,0.9178601839226431,D,T2_meta&多数一致
Nkx2-2,3,-2.8470276965526793,0.004412952281678527,0.6666666666666666,1,-0.12140100548057307,-0.3019954350151819,0.04170337690679604,-0.10391095833333336,0.0013279258471231915,0.9255199759781251,0.7127201078874362,0.9178601839226431,D,T2_meta&多数一致
Cebpb,3,-2.8464766921925153,0.00442059652174263,1.0,2,-0.2712048222138603,-0.15745410919415548,-0.567521376114092,-0.08863898133333334,0.033397096884303916,0.01663740663352527,0.5559060007230302,0.9178601839226431,B,T1_meta&全一致
Plp1,3,-2.7849100032871275,0.00535425816784918,1.0,1,-4.759188838279661,-0.4747261577104549,-0.04858729046184962,-13.754253066666678,0.004859296269883464,0.9147641101888152,0.38331947646443065,0.9635901286762634,D,T1_meta&全一致
Cd83,3,-2.7820754835136388,0.005401247602876822,1.0,1,-0.2802618278179591,-0.2606049243662838,-0.19532822508759295,-0.3848523340000005,0.011877054168484035,0.21170894459866751,0.5768764262221683,0.9635901286762634,B,T1_meta&全一致
Gpr37,3,-2.7303305376896447,0.006327085263319041,1.0,1,-0.22420432208583177,-0.25252082417225097,-0.05572475941857746,-0.3643673826666669,0.01225893997911368,0.8336859388059404,0.19266779888215546,0.9637477382439992,D,T1_meta&全一致
Csf1,3,-2.6951900761309253,0.007034848797869061,1.0,1,-0.2133509160625823,-0.2701366732668724,-0.1743759352542078,-0.19554013966666672,0.011096521425610878,0.4269879947987129,0.5050534197718506,0.9637477382439992,B,T1_meta&全一致
Cnp,3,-2.6794758453505474,0.007373752309565861,0.6666666666666666,1,-0.22965237207627118,-0.2920040096538159,-0.47723883390833066,0.08028572733333306,0.005386874069487261,0.32810078797649583,0.9774282419997933,0.9637477382439992,D,T2_meta&多数一致
Fos,3,2.671839176528661,0.0075436792911566285,0.6666666666666666,2,-0.26868647731089873,1.2960699447477566,-0.45955810701378574,-1.642571269666667,1.277205625581922e-06,0.4084378817341763,0.004203515770936689,0.9637477382439992,A,T2_meta&多数一致
Aif1,3,-2.5001340856298033,0.01241463085290756,0.6666666666666666,1,-0.17579138721645646,-0.6356039724979725,0.026099160181936476,0.0821306506666667,0.0017835789414492925,0.9219189366690748,0.7647707674796267,0.9999814863457843,B,T2_meta&多数一致
Runx2,3,-2.498911152441422,0.012457553938965266,1.0,1,-0.2403480762102126,-0.23820654142704178,-0.20702689087026283,-0.27581079633333316,0.21098102825070272,0.17877257796659426,0.015548563630972971,0.9999814863457843,B,T1_meta&全一致
Lpar1,3,-2.4853159353484244,0.012943650428665797,0.6666666666666666,1,-1.1852807901701425,-0.3322119210663441,0.1099779618892498,-3.3336084113333335,0.0256180917043525,0.8298374302933433,0.105867647981998,0.9999814863457843,D,T2_meta&多数一致
Egr1,3,2.4610882315934477,0.013851629701194124,0.6666666666666666,1,-1.5588356328535893,0.666957672721189,-0.6362800946152918,-4.707184476666665,0.0001861595848502728,0.16580430144811287,0.5356135937369718,0.9999814863457843,A,T2_meta&多数一致
Sox10,3,-2.4396279263811964,0.014702396068921443,1.0,1,-0.42986427251657,-0.21608875799590166,-0.35155347222047517,-0.7219505873333332,0.036369617390677726,0.17603070977064506,0.6068254767539688,0.9999814863457843,D,T1_meta&全一致
Gjc2,3,-2.3798225987138895,0.01732097447277603,1.0,1,-0.36663264980638816,-0.3625477724471686,-0.6823191343053292,-0.055031042666666655,0.043597865284084276,0.15701092189375906,0.6360861689541302,0.9999814863457843,D,T1_meta&全一致
Irf5,3,-2.3499321270776443,0.018776834611261554,0.6666666666666666,1,-0.14078989949131962,-0.19883718607858292,-0.2350021620620426,0.011469649666666693,0.03728216069141147,0.060363462965542944,0.9102243155673447,0.9999814863457843,B,T2_meta&多数一致
Kctd17,3,-2.2845919869948155,0.02233676322776351,0.6666666666666666,1,-0.1807062087591227,-0.30814692011244027,-0.397476116498261,0.16350441033333318,0.01923734770439647,0.2634922427122747,0.8494092503159274,0.9999814863457843,D,T2_meta&多数一致
Gpr34,3,-2.2752407446612577,0.022891491896358182,0.6666666666666666,1,-0.24876569559623438,-0.4346190487061339,0.2393897395840976,-0.5510677776666668,0.013679684306999548,0.4247756767665856,0.27466130275904294,0.9999814863457843,B,T2_meta&多数一致
Cx3cr1,3,-2.2531698397468287,0.024248442284270994,0.6666666666666666,1,0.08438222703703542,-0.29917983272796533,0.14800198517240482,0.4043245286666668,0.0010621143876046494,0.5029764955879769,0.45422597972688283,0.9999814863457843,A+B,T2_meta&多数一致
Prr18,3,-2.2308853514130784,0.02568872429990301,1.0,0,-1.1491679047346801,-0.31528826577258506,-0.6862219030981214,-2.4459935453333337,0.10481306181086221,0.12434748511272618,0.4046257556595567,0.9999814863457843,D,T1_meta&全一致
Ctss,3,-2.173258057633442,0.02976090032851422,1.0,1,-0.26985495173446533,-0.23691967627572907,-0.02335697892766042,-0.5492882000000066,0.019133432379748336,0.8938600069496968,0.7359238979606375,0.9999814863457843,A+B,T1_meta&全一致
Ccl6,3,-2.1556744786469766,0.031109092359749922,1.0,0,-0.2893408294911882,-0.49599233550660937,-0.2593957503002886,-0.11263440266666669,0.058490004360963105,0.5577940147385752,0.38802247083334557,0.9999814863457843,B,T1_meta&全一致
Siglech,3,-2.1485606698741577,0.03166924221687538,1.0,0,-0.17353097321794286,-0.21165984712163244,-0.036436498532196104,-0.27249657400000005,0.057604730815639736,0.9126309317973565,0.22214501134275896,0.9999814863457843,B,T1_meta&全一致
Ndrg1,3,-2.1355992598832714,0.032712091809256105,1.0,1,-0.4152825751658777,-0.1804509276757269,-0.04542067815523865,-1.0199761196666675,0.04028406029321343,0.7636235651585362,0.4737100434718423,0.9999814863457843,D,T1_meta&全一致
Lcn2,3,2.0924791116084025,0.03639567840446612,1.0,1,0.4921902438189627,0.7894796295422699,0.44277776991461815,0.24431333200000002,0.2838714557635093,0.4041302842904783,0.026864205350006935,0.9999814863457843,B,T1_meta&全一致
Sgk1,3,2.069532170336798,0.03849617570865025,0.6666666666666666,1,1.4443992939107073,0.6232958850837615,-0.3550624313516382,4.064964427999999,0.08705937662003663,0.37893456970697625,0.026032558145055566,0.9999814863457843,D,T2_meta&多数一致
Ccl12,3,-2.044611858925159,0.040893139419060684,1.0,1,-0.29799324101480296,-0.8054676883640619,-0.07343245034701368,-0.015079584333333312,0.032371453240203525,0.5859403702465644,0.9130823814984199,0.9999814863457843,B,T1_meta&全一致
C5ar1,3,2.0328241912393414,0.04207028817008446,1.0,0,0.22830326924701294,0.27554605126065557,0.30536307448038325,0.10400068200000001,0.17548410426852062,0.18949899031509143,0.27665487249636617,0.9999814863457843,A,T1_meta&全一致
Cd80,3,-2.0162125246696685,0.0437777573074848,1.0,0,-0.32424357695274714,-0.5007652648806147,-0.24761302631096016,-0.22435243966666665,0.26897327620894873,0.17733506273151137,0.12451460129799614,0.9999814863457843,B,T1_meta&全一致
Tyrobp,3,-1.991693222251267,0.04640472783401787,1.0,0,-0.6095466550291685,-0.2374785478782826,-0.34377983187588956,-1.2473815853333334,0.2347648006326816,0.29802162062729826,0.11981885785533174,0.9999814863457843,A+B,T1_meta&全一致
Cx3cl1,3,-1.9906741137618424,0.04651672640027111,1.0,0,-0.7330664928237205,-0.4127517976063029,-0.16642970086485853,-1.62001798,0.0550265234317406,0.39787247445488083,0.8478798732665338,0.9999814863457843,A,T1_meta&全一致
Megf10,3,-1.9877386830007138,0.04684059832700803,1.0,0,-0.23718096762584176,-0.18949151405611175,-0.08751924415474654,-0.434532144666667,0.1266760977552377,0.7304228418330653,0.1590730706087887,0.9999814863457843,A,T1_meta&全一致
Cd9,3,-1.9775281482749085,0.047981961999916646,0.6666666666666666,1,-0.5329289330701877,-0.3563864850078655,0.23237111979730152,-1.474771433999999,0.031420763978041576,0.4683932987609205,0.33864478777859963,0.9999814863457843,B,T2_meta&多数一致
Fabp5,3,-1.977362412550579,0.04800067948708916,1.0,1,-0.175992732020255,-0.21427482225444017,-0.29395710447299184,-0.01974626933333301,0.13872156327115293,0.03330580640964381,0.9811184387749969,0.9999814863457843,B,T1_meta&全一致
